number,status,sk_description,supplier_number,supplier_description,minimum_po_quantity,purchase_unit,stock_unit,pur_stk_conversion,price_per_stock_unit,price_per_purchase_unit,supplier_id
0001,Active,Sauce BBQ Smoky Cattlemens,,Sauce BBQ Smokey 4-1gl,0,CS,OZ,512,0.0879,45.0048,1
0002,Active,Bailing Wire 12 ga 14,898292,Bailing Wire 12 gauge 14ft,0,BD,EA,125,0,0,2
0003,Active,Blue Ice  Nordic 24oz - 24/Cs,389651,Blue Ice Nordic 24ct,0,CS,EA,24,0,0,2
0004,Active,Tiro Black Ink Fast Dry 48/Cs,IC5033,Tiro Black Ink Fast Dry 48/Cs,0,CS,EA,48,0,0,3
0005,Active,Tiro Character/Number Kit 4ea,TP0130,Tiro Character/Number Kit 4ea,0,BOX,EA,4,0,0,3
0006,Active,Pallet Covers 1 Mill 250/Roll,S-13538,Palette Covers 1 Mill 250/Roll,0,RL,EA,250,0,0,4
0007,Obsolete,Roll Wheat Rustic 130/Cs,26292,Roll Wheat Rustic SBUX,40,CS,EA,130,0.256,33.28,5
0008,Obsolete,Roll White Rustic 130/Cs,26291,Roll White Rustic SBUX,40,CS,EA,130,0.246,31.98,5
0009,Active,Chicken Bnls Wing Breaded,7206,Cntry Style Brst Meat Bnls Wng,0,CS,LB,10,2.41,24.1,6
0010,Obsolete,Egg Patty Frittata Cheese,85429,200-1.75 Oz,0,CS,EA,200,0.2328,46.56,7
0012,Obsolete,Bacon Uncured Slcd 2-150 EA,12604,Bacon Uncured Slcd 2-150 EA,120,CS,EA,300,0.1309,39.27,8
0013,Active,Cheese Cheddar Mild .5oz Slice,33609,8-2 Lb,42,CS,EA,512,0.0814,41.6768,9
0014,Active,Cheese Gouda .5oz Slice,33610,8-2 Lb,0,CS,EA,512,0.0864,44.2368,9
0015,Obsolete,Ham Blk Forest Log Unsliced,4147,4-6 Lb (Catch),1200,LB,LB,1,3.75,3.75,10
0016,Obsolete,Cheese Pepper Jack .5 OZ,60270,8/1.25 Lb,120,CS,EA,320,0.1182,37.824,11
0017,Active,Sausage Patty Pork 1.5 oz Nat,18809,Sausage Patty Pork 1.5 oz Nat,0,CS,EA,426,0.17,72.42,12
0018,Obsolete,Tomato Roma Roasted Diced ,7149602,40 Lb,42,CS,OZ,640,0.1063,68.032,13
0019,Obsolete,Film Polypro Fuji 12 in Web,RKHS010012000500,12 IN 10139 FT/RL  36 RL/PLT,365004,FT,IN,12,0.0006,0.0072,14
0020,Obsolete,Beef Hamburger Patty 2.6oz,United 2.6z Bf Patty,Fully Ckd Beef Patty 2.6z,1,CS,EA,247,0.393,97.071,15
0020,Obsolete,Beef Hamburger Patty 2.6oz,1100XSX,Beef Hamburger Patty 2.6 Oz,64,CS,EA,93,0.393,36.549,16
0021,Obsolete,Box #8 40PK Artisan Plain,10469070,Box #8 40PK Artisan Plain,1,EA,EA,1,0.36,0.36,17
0022,Obsolete,Box #9 12-16 PK Artisan/Muffin,TBD 12-16 PK SBUX,TBD 12-16 PK SBUX,1,EA,EA,1,0.2789,0.2789,17
0023,Obsolete,Box 60 PK Saus Muf Kraft Plain,TBD 60PK Sausage,TBD 60 PK Sausage SBUX,1,EA,EA,1,0,0,17
0024,Obsolete,Film Polypro Fuji 9.5 In Web,Co-Ex OPP 9.5.001 Co-Ex OPP 9.5x10139,No Control,FT,IN,12,,0.0005,0,18
0024,Obsolete,Film Polypro Fuji 9.5 In Web,RKHS010009500500,9.5 IN 10139 FT/RL 45/PAL,456255,FT,IN,12,0.0005,0.006,14
0025,Obsolete,Chutney Mango 4 Lb Sukhis,87502,Chutney Mango 4 Lb Sukhis,1,TB,OZ,64,0.279,17.856,19
0026,Obsolete,Film Lidding Z12 EZ Peel,ESXE1250Z12,Film Lidding Z12 EZ Peel,0,RL,IN,36000,0.0084,302.4,14
0026,Obsolete,Film Lidding Z12 EZ Peel,0026 Film Lidding,Film Lidding 3M Ft/Roll 420 mm,0,RL,IN,36000,0.0084,302.4,20
0027,Obsolete,Cheese Mont Jack Sliced .5 Oz,33611,8-2Lb 64 SL Mont Jack .5 Oz,42,CS,EA,512,0.0853,43.6736,9
0028,Obsolete,Film Polypro Fuji 14.5 in Web,RKHS010014500500,Film Polypro Fuji 14.5 in Web,273753,FT,IN,12,0.0008,0.0096,14
0029,Obsolete,Film Fuji Spec Value Hamburger,0029 Special Value,Film Fuji Spec Value Hamburger,1,RL,IMP,12500,0.0427,533.75,20
0030,Obsolete,Film Fuji Spec Value Saus Chs,0030 Special Value,Film Fuji Spec Value Saus Chs,1,RL,IMP,13333,0.0382,509.3206,20
0031,Obsolete,Bacon Turkey Half Slce Natural,871206,Bacon Turkey Half Slce Natural,1,LB,LB,1,10.69,10.69,21
0032,Obsolete,Egg White Patty 1.75 oz,86529,Egg White Patty 184-1.75 Oz,108,CS,EA,184,0.1393,25.6312,7
0033,Obsolete,Cheese Mild Red Fat Ched Slcd,34038,Cheese Mild Red Fat Ched Slcd,42,CS,EA,384,0.1129,43.3536,9
0034,Obsolete,Egg Insert Folded Egg White,76500,Double Folded Egg White Omelet,0,CS,EA,180,0.1489,26.802,7
0035,Active,Tomato Rstd Diced Rdcd Moist ,16865,BL Tomato 40 Lb SCC,1,CS,OZ,640,0.2999,191.936,22
0036,Obsolete,Box Master Spec Val Hamburger,218205,Special Value Hamburger,1,EA,EA,1,0.3565,0.3565,17
0037,Obsolete,Box Master Spec Val Saus Chs,218206,Special Value Saus Chs,1,EA,EA,1,0.3012,0.3012,17
0039,Active,Pork Rib BBQ With Sauce,774X,Pork Rib BBQ With Sc 64/Cs,0,CS,EA,64,0.5523,35.3472,16
0040,Active,Cheese American Processed .40z,Chateaux 5007,American Rstrctd Melt 4-5 Lb,100,CS,EA,800,0.0436,34.88,23
0040,Active,Cheese American Processed .40z,5007 Chateaux,Cheese American Processed .40z,0,CS,EA,800,0.0436,34.88,24
0041,Obsolete,Box Master Kaiser 36 Ct,Spec 72765,Box Master Kaiser 36 Ct,7800,EA,EA,1,0.4443,0.4443,17
0042,Obsolete,Carton 1PK Turkey Kaiser,Turk 2009-0381-0429,Carton 1PK Turkey Kaiser,20000,EA,EA,1,0.0884,0.0884,17
0043,Obsolete,Carton 1PK Ham/Chs Kaiser, Ham 2009-0381-0429,Carton 1PK Ham/Chs Kaiser,20000,EA,EA,1,0.0884,0.0884,17
0044,Obsolete,Carton 1PK Hamburger,Burgr 2009-0381-0429,Carton 1PK Hamburger,20000,EA,EA,1,0.0884,0.0884,17
0045,Active,Film Tiro OP Ham Wedge Lidding,6221 Oven Pride,Film Tiro OP Ham Wedge Lidding,1,RL,EA,21532,0.0385,828.982,20
0046,Active,Film Tiro OP Turky Wdg Lidding,6220 Oven Pride,Film Tiro OP Turk Wdg Lidding,1,RL,EA,21532,0.0385,828.982,20
0047,Obsolete,Lbl Direct Therml 1-3/8x1-1/16,DT10013 1-3/8x1-1/16,1-3/8x1-1/16 Direct Thermal,1,RL,EA,8000,0,0,25
0048,Active,Glue Cartoning PHC9254,HB Fuller PHC9254,Glue Cartoning PHC9254,22,CS,LB,31,0,0,26
0049,Obsolete,Roll White Rustic 160/Cs,36296,Roll White Rustic SBUX 160/Cs,40,CS,EA,160,0.2395,38.32,5
0050,Obsolete,Ribbon Black VideoJet iimak,25TT4BK15VJI,Ribbon Black Videojet iimak,1,CS,FT,35433,0.0129,457.0857,14
0051,Obsolete,Ribbon Blue VideoJet iimak,25TT4BL15VJI,Ribbon Blue Videojet iimak,1,CS,FT,35433,0.0247,875.1951,14
0052,Obsolete,Ribbon Green VideoJet iimak,25TT4GR15VJI,Ribbon Green Videojet iimak,1,CS,FT,35433,0.0247,875.1951,14
0053,Obsolete,Ribbon Orange VideoJet iimak,25TT4OR15VJI,Ribbon Orange Videojet iimak,1,CS,FT,35433,0.0247,875.1951,14
0054,Obsolete,Ribbon Red VideoJet iimak,25TT4RD15VJI,Ribbon Red Videojet iimak,1,CS,FT,35433,0.0247,875.1951,14
0055,In Development,Beef Hamburger Patty 1 Oz,102,Old Fashioned Mini Bf Patties,1,CS,EA,240,0.2106,50.544,16
0056,Active,Chicken Breast Bnls Ckd 4 Oz,702708,Chicken Breast Bnls Ckd 4 Oz,0,CS,EA,120,0.8925,107.1,27
0057,Active,Bun Kaiser WW 6-12 Pk,5015 SK,Bun Kaiser WW 6-12 Pk,0,CS,EA,72,0.16,11.52,28
0058,Active,Baguette Big Hole 32/Cs,80302855,French HD Baguette Big Hole,1,CS,EA,32,0.3672,11.7504,29
0060,Obsolete,Film Lidding Z14 EZ Peel,ESXE1270Z14,Film Lidding Z-14 E-Z Peel,90,RL,IN,35984,0.0086,309.4624,14
0061,Active,Box Master #1 Kraft Plain,1.02189E+11,Box #1 Kraft Plain 1050/Plt,0,EA,EA,1,0.326,0.326,17
0062,Active,Susceptor Sleeve Baguetta,8480V1,SBS/Adhesive/48 Gauge MPET,10000,EA,EA,1,0.0871,0.0871,30
0063,Obsolete,Insert RF Cheese Egg Bacon IQF,4610033532,IQF RF Cheese Egg Bacon Sticks,1,EA,EA,1,0.5794,0.5794,31
0064,Active,Film Fuji PP Cheeseburger,C100064 OP,Film Fuji P/P Cheeseburger,100,LB,IN,1689.600912,0.0035,5.913603192,20
0065,Obsolete,Insert Cheeseburger IQF,4610033533,IQF Cheeseburger Stick,1,EA,EA,1,0.6267,0.6267,31
0066,Obsolete,Insert Polish Saus Smkd Sknls,114918,Polish Sausage Skinless 5-1,1,CS,EA,50,0.39,19.5,32
0067,Not Stocked,Ribbon Black Wax 4x1181,JETWAX400,Ribbon Black Wax 4x1181,1,CS,RL,24,16.15,387.6,25
0068,Obsolete,Roll White Rustic 180/Cs,36300,Roll White Rustic SBUX 180/Cs,1,CS,EA,180,0.1919,34.542,5
0069,Active,Film Fuji Polish Baguetta,69,Film Fuji Polish Baguetta,1,IMP,IMP,1,0.0426,0.0426,20
0070,Active,Film Fuji Bacon Chs Baguetta,70,Film Fuji Bacon Chs Baguetta,1,IMP,IMP,1,0.0426,0.0426,20
0071,Active,Film Fuji Cheesy Beef Baguetta,71,Film Fuji Chsburger Baguetta,1,IMP,IMP,1,0.0426,0.0426,20
0072,Obsolete,Box Master Baguetta 24 Pk,Baguetta Master,Box Master Baguetta 24 Pk,1,EA,EA,1,0.4223,0.4223,17
0073,Active,Cheese RF Mild Chdr Orng .5 Oz,34105,RF Mild Ched C .5z Rpd Pk,42,CS,EA,512,0.1018,52.1216,9
0074,Active,Cheese RF Mild Chdr Wht .5 Oz,34106,RF Mild Ched W .5z Rpd Pk,42,CS,EA,512,0.0932,47.7184,9
0075,Obsolete,Egg Frittata Patty 2 Oz,85430,Egg Frittata Patty 2 oz,70,CS,EA,140,0.3363,47.082,7
0076,Active,Sausage Patty Turkey 1.5 Oz,71105 Ember,Sausage Patty Turkey 1.5 Oz,1,CS,EA,106,0.2038,21.6028,33
0077,Active,Sausage Pork Link .5 Oz,160063,FC Pork Sausage Link Sknls .5z,1,CS,EA,320,0.0583,18.656,32
0078,Active,Potato Diced Brkfst Cube,MCS302,Diced Hashbrowns Potato Grd A,1,CS,OZ,480,0.0482,23.136,34
0079,Active,Egg Curds IQF Large Cut,MF 3015,Egg Curd Frozen IQF Scrambled,1,CS,OZ,320,0.0756,24.192,35
0080,Active,Bacon Topping Preckd 1/2 Inch,12003,1/2x1/2 Preckd Bacon Topping,1,CS,OZ,160,0.283,45.28,8
0081,Active,Pancake Maple Krusteaz 240Ct,80327,240Ct Krusteaz Maple Pancakes,1,CS,EA,240,0.1659,39.816,36
0082,Active,Cheese Ched Shred Red Sodium,Chateaux 2223,Red Sodium Cheddar Shred,1,LB,OZ,16,0.1495,2.392,23
0082,Active,Cheese Ched Shred Red Sodium,Chateaux 2223,Cheese Ched Shred Red Sodium,0,LB,OZ,16,0.1495,2.392,24
0083,Obsolete,Film Map Pillow 9 Mil,3MB225M,Film Map Pillow 9 Mil,1,RL,IN,14410,0.0166,239.206,14
0084,Active,Tray Entree Black CPET 16 Oz,10165090,GPC-5066-16 Tray 16z Blk CPET,1,CS,EA,600,0.1192,71.52,17
0085,Active,Ctn Entree Saus Pancake,10492607,Carton Pancake Sausage,1,EA,EA,1,0.119,0.119,17
0086,Active,Ctn Entree Saus Eggs Potato,10492604,Carton Sausage Scramble,1,EA,EA,1,0.119,0.119,17
0087,Active,Ctn Entree Bacon Eggs Pot,10492605,Carton Bacon Scramble,1,EA,EA,1,0.119,0.119,17
0088,Active,Box Master Brkfst Entree 18Pk,10492621,Box Master Brkfst Entree 18Pk,1,EA,EA,1,0.3261,0.3261,17
0089,Obsolete,Tomato Green Mix Blend IQF,16874,Tomato Green Mix Blend IQF,1,CS,OZ,540.8,0.2841,153.64128,22
0090,Active,Box Master SBUX Muffin/Wrap,SBUX Muffin/Wrap,Box Master SBUX Muffin/Wrap,0,EA,EA,1,0.294,0.294,37
0090,Active,Box Master SBUX Muffin/Wrap,1182174,Box Master SBUX Muffin/Wrap,1,EA,EA,1,0.294,0.294,38
0090,Active,Box Master SBUX Muffin/Wrap,10551401,Box Master SBUX Muffin/Wrap,0,EA,EA,1,0.294,0.294,17
0091,Active,Box Master SBUX Artisan,1183825,Box Master SBUX Artisan,1,EA,EA,1,0.279,0.279,38
0091,Active,Box Master SBUX Artisan,10551399,Box Master SBUX Artisan,0,EA,EA,1,0.279,0.279,17
0091,Active,Box Master SBUX Artisan,SBUX Artisan,Box Master SBUX Artisan,0,EA,EA,1,0.279,0.279,37
0092,Obsolete,Egg Dbl Folded Scrmbld 1.5 Oz,86530,Egg Dbl Folded Scrmbld 1.5 Oz,1,CS,EA,200,0.1409,28.18,7
0093,Active,Flat Whole Wht Wrap Red Sodium,5400709-0612,Flat Whole Wht Wrap Red Sodium,1,CS,EA,72,0.2023,14.5656,39
0094,Obsolete,Beans Black IQF,BLB-BLCK-0020,IQF Black Beans,1,CS,OZ,720,0.06,43.2,40
0095,Obsolete,Cheese Shred Ched/PepJk,54228,Chs Fthr Shred Ched/PepJk,1,CS,OZ,320,0.1242,39.744,9
0096,Obsolete,Biscuit Cinnamon .9 Oz,898,.9 Oz Sthrn Style Cinn Biscuit,1,CS,EA,240,0.0675,16.2,41
0097,Active,French Toast 1 Oz,MF8008,Texas Style French Toast,1,CS,EA,192,0.0819,15.7248,35
0098,Active,Pancakes Mini Dippers,MF7104,Pancakes Mini .4 Oz,1,CS,EA,480,0.0318,15.264,35
0099,Obsolete,Syrup Cup 1 Oz Dipper,472104,Syrup Cup 1 Oz Dipper,0,CS,EA,200,0.12,24,42
0099,Obsolete,Syrup Cup 1 Oz Dipper,J97120,Mrs Butterworths Syrup Cup 1z,1,CS,EA,200,0.12,24,43
0100,Obsolete,Icing Cup Dippers 1Oz,9011301,Icing Cup Dippers 1Oz,1,CS,EA,200,0.16,32,44
0101,Active,Waffles Homestyle Minis 1 Oz,17514,EGGO Homestyle Minis 1 Oz,1,CS,EA,120,0.0904,10.848,45
0102,Active,Ctn Dipper Cinnamon Biscuit,10492613,Carton Dipper Cinnamon Biscuit,1,EA,EA,1,0.0778,0.0778,17
0103,Obsolete,Carton Dipper French Toast,Dipper02,Carton Dipper French Toast,1,EA,EA,1,0.0778,0.0778,17
0104,Obsolete,Carton Dipper Mini Pancakes,Dipper03,Carton Dipper Mini Pancakes,1,EA,EA,1,0.0778,0.0778,17
0106,Active,Ctn Dipper Mini Waffles,Dipper04,Carton Dipper Mini Waffles,1,EA,EA,1,0.0778,0.0778,17
0107,Active,Film Map Rigid 14 Mil,PVCEVE 30050 R,Film Map Rigid 14 Mil,1,RL,IN,5984,0.042,251.328,14
0108,Active,Lbl OP 3-5/8x3 ,P2069358100 040,Label OP 3-5/8x3,0,CS,EA,8000,0.0245,196,25
0110,Obsolete,Egg Frittata Round Patty 2 oz,85066,Egg Frittata Round Patty 2 oz,70,CS,EA,140,0.335,46.9,7
0112,Obsolete,Egg Perfecta Patty,MF4008M,Egg Perfecta Patty 160 Ea,0,CS,EA,160,0.1528,24.448,35
0113,Active,Film Tiro OP Ham Chs TriWdg,0113 OP H C Tri Wdg,Film Tiro OP Ham Chs TriWdg,0,RL,EA,15603,0.0437,681.8511,20
0114,Active,Film Tiro OP Egg Salad TriWdg,0114 OP Egg Tri Wdg,Film Tiro OP Egg Salad TriWdg,0,RL,EA,15603,0.0437,681.8511,20
0115,Active,Film Tiro OP Chix Sal TriWdg,OP Chix Tri Wdg,Film Tiro OP Chix Sal TriWdg,0,RL,EA,15603,0.0437,681.8511,20
0116,Active,Film Tiro OP Tuna Sal TriWdg,OP Tuna Tri Wdg,Film Tiro OP Tuna Sal TriWdg,0,RL,EA,15603,0.0437,681.8511,20
0117,Active,Film Tiro OP Trky Chs TriWdg,OP Trky Chs Tri Wdg,Film Tiro OP Trky Chs TriWdg,0,RL,EA,15603,0.0437,681.8511,20
0118,Active,Film Tiro OP Ham Chs DblWdg,0118 OP H C Dbl Wdg,Film Tiro OP Ham Chs DblWdg,0,RL,EA,15603,0.0437,681.8511,20
0119,Active,Film Tiro OP Egg Salad DblWdg,0119 OP ES Dbl Wdg,Film Tiro OP Egg Salad DblWdg,0,RL,EA,15603,0.0437,681.8511,20
0120,Active,Film Tiro OP Tuna Salad DblWdg,0120 OP TS Dbl Wdg,Film Tiro OP Tuna Salad DblWdg,0,RL,EA,15603,0.0437,681.8511,20
0121,Active,Film Tiro OP Chix Salad DblWdg,0121 OP CS Dbl Wdg,Film Tiro OP Chix Salad DblWdg,0,RL,EA,15603,0.0437,681.8511,20
0122,Active,Film Tiro OP Ham Tky Sw DblWdg,0122 OP HTSw Dbl Wdg,Film Tiro OP Ham Tky Sw DblWdg,0,RL,EA,15603,0.0437,681.8511,20
0123,Active,Film Tiro OP Trky Chs DblWdg,0123 OP TChs Dbl Wdg,Film Tiro OP Trky Chs DblWdg,0,RL,EA,15603,0.0437,681.8511,20
0124,Active,Film Tiro OP Trky Chs Hoagie,0124 OP TC Hoagie,Film Tiro OP Trky Chs Hoagie,0,RL,EA,15603,0.0437,681.8511,20
0125,Active,Film Tiro OP Ham Trky Hoagie,0125 OP H T Hoagie,Film Tiro OP Ham Trky Hoagie,0,RL,EA,15603,0.0437,681.8511,20
0126,Active,Film Tiro OP Ham Cheese Hoagie,0126 OP H C Hoagie,Film Tiro OP Ham Chs Hoagie,0,RL,EA,15603,0.0437,681.8511,20
0127,Active,Film Tiro KS OP Turkey Cheese,0127 OP KS Trky Chs,Film Tiro KS OP Turkey Cheese,0,RL,EA,10766,0.068,732.088,20
0128,Active,Film Tiro KS OP Ham Cheese,0128 OP KS Ham Chs,Film Tiro KS OP Ham Cheese,0,RL,EA,10766,0.068,732.088,20
0129,Active,Film Tiro KS OP Italian,0129 OP KS Italian,Film Tiro KS OP Italian,0,RL,EA,10766,0.068,732.088,20
0130,Active,Sausage Patty Pork 1.2 Oz,18804,Sausage Patty Pork 1.2 Oz,1,CS,EA,133,0.1579,21.0007,12
0131,Active,Egg Patty Scrambled 3in 1Oz,70022,Egg Patty Scrambled 3in 1Oz,1,CS,EA,360,0.0889,32.004,7
0132,Obsolete,Biscuit Buttermilk 2 Oz Sliced,3219,Biscuit Buttermilk 2 Oz Sliced,1,CS,EA,120,0.1234,14.808,41
0133,Active,Ctn 4 Pk WF Sausage Biscuit,10495876,Carton 4 Pk WF Sausage Biscuit,1,EA,EA,1,0.178,0.178,17
0134,Active,Ctn 4 Pk WF Bacon Biscuit,10495874,Carton 4 Pk WF Bacon Biscuit,1,EA,EA,1,0.178,0.178,17
0135,Active,Ctn 4 Pk WF CanBac Muffin,10495875,Carton 4 Pk WF CanBac Muffin,1,EA,EA,1,0.178,0.178,17
0136,Active,Ctn 4 Pk WF Sausage Muffin,10495873,Carton 4 Pk WF Sausage Muffin,1,EA,EA,1,0.178,0.178,17
0137,Active,Bacon Round Fully Cooked,36158,Fast N Easy Round Bacon,1,CS,EA,288,0.14,40.32,46
0137,Active,Bacon Round Fully Cooked,1252766,Bacon Rnd Fully Ckd Hormel,1,CS,EA,288,0.14,40.32,1
0138,Active,English Muffin 2 Oz Sliced,7777,English Muffin Plain Slice 2Oz,1,CS,EA,144,0.1182,17.0208,47
0139,Active,Bacon Canadian Log 4/Cs,400112,Fully Cooked Canadian Bacon WA,0,LB,LB,1,3.73,3.73,48
0140,Active,Box Master WF Saus Bisc 4-12Pk,10495885,Box Master WF Saus Bisc 4-12Pk,1,EA,EA,1,0.561,0.561,17
0141,Active,Box Master WF Bacn Bisc 4-12Pk,10495882,Box Master WF Bacn Bisc 4-12Pk,1,EA,EA,1,0.561,0.561,17
0142,Active,Box Master WF CnBac Muf 4-12Pk,10495884,Box Master WF CnBac Muf 4-12Pk,1,EA,EA,1,0.561,0.561,17
0143,Active,Box Master WF Saus Muf 4-12Pk,10495881,Box Master WF Saus Muf 4-12Pk,1,EA,EA,1,0.561,0.561,17
0144,Active,Box Master OP Brk Entree 24Pk,Master OP BEntree 24,Box Master OP Brk Entree 24Pk,1,EA,EA,1,0.4647,0.4647,17
0145,Obsolete,Cheese Cheddar Med 6-5Lb,06501-6,Medium Cheddar Loaf 6-5 Lb,1,CS,LB,30,2.2507,67.521,49
0146,Obsolete,Carton Wellshire Chix Bisc 2Pk,10499497,Carton Wellshire Chix Bisc 2Pk,1,EA,EA,1,0.1878,0.1878,17
0147,Obsolete,Carton Wellshire Ham Muff 2Pk,10499498,Carton Wellshire Ham Muff 2Pk,1,EA,EA,1,0.1878,0.1878,17
0148,Obsolete,Carton Wellshire Saus Muff 2Pk,10499501,Carton Wellshire Saus Muff 2Pk,1,EA,EA,1,0.1878,0.1878,17
0149,Obsolete,Carton Wellshire TBac Muf 2Pk,10499503,Carton Wellshire TBac Muf 2Pk,1,EA,EA,1,0.1524,0.1524,17
0150,Obsolete,Box Master Wellshire 12-2 Pk,Spec 55115,Box Master Wellshire 12-2 Pk,1,EA,EA,1,0.3577,0.3577,17
0151,Obsolete,Biscuit Natural 2 Oz Sliced,80891,Biscuit Natural 2 Oz Sliced,1,CS,EA,320,0.0883,28.256,50
0152,Obsolete,Muffin English Multigrain 2Oz ,62626,English Muffin Multigrain 2Oz ,1,CS,EA,144,0.1545,22.248,51
0153,Obsolete,Egg Patty Scram Cage Free 2 Oz,30012,Egg Patty Scram Cage Free 2 Oz,1,CS,EA,112,0.3452,38.6624,52
0154,Active,Susceptor Sleeve Eng Muffin,SK English Muffin,SBS/Adhesive/48 Gauge MPET,10000,EA,EA,1,0.1016,0.1016,30
0155,Active,Susceptor Sleeve Biscuit,SK Biscuit,Susceptor Sleeve Biscuit,10000,EA,EA,1,0.1044,0.1044,30
0156,Obsolete,Chicken Patty Natural 2 Oz,491,Fully Cooked Chicken Patty Nat,1,CS,EA,80,0.3125,25,10
0157,Obsolete,Sausage Patty Pork Natural ,337,Fully Cooked Pork Saus Patties,1,CS,EA,640,0.2044,130.816,10
0158,Obsolete,Bacon Turkey Canadian Natural,TBD Turkey Can Bac,Fully Cooked Turkey CanBac Nat,1,CS,LB,18,2.85,51.3,10
0160,Active,Sauce Teriyaki Glaze Kikkoman,4232682,Sauce Teriyaki Glaze Kikkoman,0,CS,OZ,480,0.091,43.68,1
0161,Active,Chicken Ginger Teriyaki Strips,5247,Ginger Teri Chick Brst Strips,1,CS,OZ,160,0.2178,34.848,6
0162,Active,Sauce BBQ TWB .6 OZ Puck,P17005,TWB BBQ Sauce 480-.6 Oz,1,CS,EA,480,0.0984,47.232,53
0163,Active,Asian Blend SK 40 Lb,BSK-ASIA-0040,Asian Blend SK 40 Lb,1,CS,OZ,640,0.0625,40,40
0164,Active,Rice White IQF Precooked 40 Lb,RWH-PRCK-0040,Rice White IQF Precooked 40 Lb,1,CS,OZ,640,0.0425,27.2,40
0165,Active,Ciabatta Bun Wheat Sliced,793,Wheat Ciabatta Bun Sliced,1,CS,EA,48,0.311,14.928,54
0166,Active,Kaiser Pan Wheat Sliced,413,Wheat Pan Kaiser Sliced,1,CS,EA,48,0.2973,14.2704,54
0167,Obsolete,Bowl Teriyaki 19 Oz Black,10499248,Bowl 19 Oz Micro Round Black,1,CS,EA,690,0.1623,111.987,17
0168,Obsolete,Lid Teriyaki Bowl Clear,10499251,Lid Teriyaki Bowl Clear,1,CS,EA,690,0.1551,107.019,17
0169,Active,Box Master Amtrk Teriyaki Bowl,60631 (Stock #),Box Master Amtrk Teriyaki Bowl,1,EA,EA,1,0.7635,0.7635,17
0170,Obsolete,Film Shrink Teri Bowl 14in 52G,D940 (Stock #),14in 52 Ga Cryovac Shrink,0,RL,IN,60600,0.0023,139.38,17
0171,Active,Bacon Turkey Half Slce Natural,871206LP,Bacon Turkey Half Slce Natural,1,LB,LB,1,10.17,10.17,21
0172,Active,Ctn Dipper French Tst Heinz,10492610,Carton Dipper French Tst Heinz,1,EA,EA,1,0.0778,0.0778,17
0173,Active,Ctn Dip Mini Pancakes Heinz,10492606,Carton Dip Mini Pancakes Heinz,1,EA,EA,1,0.0778,0.0778,17
0174,Obsolete,Carton Dip Mini Waffles Heinz,10492614,Carton Dip Mini Waffles Heinz,1,EA,EA,1,0.0778,0.0778,17
0175,Active,Syrup Cup 1.5 Oz Dipper,533500,Heinz Syru 1.5 Oz/100 Pack,1,CS,EA,100,0.1428,14.28,43
0175,Active,Syrup Cup 1.5 Oz Dipper,345415,Syrup Cup 1.5 Oz Dipper,0,CS,EA,100,0.1428,14.28,42
0176,Obsolete,Box Master Wellshire 18 Pk,Wellshire 18Pk,Box Master Wellshire 18 Pk,1,EA,EA,1,0.5647,0.5647,17
0177,Active,Ctn 4PK Ahold Bac Egg Bisc,Ahold 4PK Ctn BacBis,Carton 4PK Ahold Bac Egg Bisc,1,EA,EA,1,0.182,0.182,17
0178,Active,Ctn 4PK Ahold Ham Egg Crois,Ahold 4PK Ctn HamCro,Carton 4PK Ahold Ham Egg Crois,1,EA,EA,1,0.182,0.182,17
0179,Active,Ctn 4PK Ahold Saus Egg Bisc,Ahold 4PK Ctn SauBis,Carton 4PK Ahold Saus Egg Bisc,1,EA,EA,1,0.182,0.182,17
0180,Active,Ctn 4PK Ahold Saus Egg Croi,Ahold 4PK Ctn SauCro,Carton 4PK Ahold Saus Egg Croi,1,EA,EA,1,0.182,0.182,17
0181,Obsolete,Box Master Brkfst Sand 12-4PK,Master Ahold 12-4 Pk,Box Master Ahold 12-4PK,1,EA,EA,1,0.4699,0.4699,17
0182,Active,Box Master Panini 12 Pk,10517919,Box Master Panini 12 Pk,1,EA,EA,1,0.389,0.389,17
0183,Active,Box Master Nathans Twin,Nathans Single HD,Box Master Nathans Single,0,EA,EA,1,0.2807,0.2807,17
0184,Active,Box Master 13.5x10.5x9.5 ID,Spec 70842,Box Master 13.5x10.5x9.5 ID,0,EA,EA,1,0.425,0.425,17
0185,Active,Croissant TFF 30-2 Oz,6229,Croissant TFF 30-2 Oz,1,CS,EA,30,0.1594,4.782,47
0186,Obsolete,Ham Breakfast Stk Log 6-4.7 Lb,75180,Ham Breakfast Stk Log 6-4.7 Lb,0,LB,LB,1,3.2,3.2,12
0187,Obsolete,Carton 2PK GofC Bac Egg Bagel,GofC 2PK Ctn BacBgl,Carton 2PK GofC Bac Egg Bagel,1,EA,EA,1,0.2935,0.2935,17
0188,Obsolete,Carton 2PK GofC Egg Chs Bagel,GofC 2PK Ctn EggBgl,Carton 2PK GofC Egg Chs Bagel,1,EA,EA,1,0.2935,0.2935,17
0189,Obsolete,Carton 2PK GofC Saus Egg Bagel,GofC 2PK Ctn SauBgl,Carton 2PK GofC Saus Egg Bagel,1,EA,EA,1,0.2935,0.2935,17
0190,Obsolete,Carton 4PK GofC Bac Egg Bisc,GofC 4PK Ctn BacBisc,Carton 4PK GofC Bac Egg Bisc,1,EA,EA,1,0.172,0.172,17
0191,Active,Ctn 4PK GofC Ham Egg Crois,GofC 4PK Ctn HamCroi,Carton 4PK GofC Ham Egg Crois,1,EA,EA,1,0.172,0.172,17
0192,Obsolete,Carton 4PK GofC Saus Egg Bisc,GofC 4PK Ctn SauBisc,Carton 4PK GofC Saus Egg Bisc,1,EA,EA,1,0.172,0.172,17
0193,Obsolete,Carton 4PK GofC Saus Egg Crois,GofC 4PK Ctn SauCroi,Carton 4PK GofC Saus Egg Crois,1,EA,EA,1,0.172,0.172,17
0194,Obsolete,Box Master Bagel Sand 12-2PK,Master Bagel Sand,Box Master Bagel Sand 12-2PK,1,EA,EA,1,0.4696,0.4696,17
0195,Active,Box Master 12 Pk Flying J,Flying J Master,Box Master 12 Pk Flying J,0,EA,EA,1,0.4167,0.4167,38
0196,Active,Divider Chipboard 12.5x9.5,12.5x9.5 (.020) Gray,Divider Chipboard 12.5x9.5,1,EA,EA,1,0.0928,0.0928,17
0197,Active,Box Master WF 6-4PK SECC,9.5x8.5x13.5B26 SECC,Box Master WF 6-4PK SECC,1,EA,EA,1,0.4699,0.4699,17
0198,Active,Box Master Price Chopper 8-4Pk,10552351,Box Master Price Chopper 8-4Pk,1,EA,EA,1,0.504,0.504,17
0199,Active,Box Master PrcChop Bowls ,10552352,Box Master PrcChop Bowls,1,EA,EA,1,0.338,0.338,17
0200,Active,Box Master Clam Shell Jamba,Design 020019680,Box Master Clam Shell Jamba,0,EA,EA,1,0.404,0.404,38
0201,Active,Tape 3M 371 48mmx914M 1.9mil,372461,3m 371 machine tape,0,CS,RL,6,11.82,70.92,2
0202,Active,Ctn 4PK SausEggCrois WF,WF SECC 4 Pk,Carton 4PK SausEggCrois WF,0,EA,EA,1,0.1306,0.1306,55
0203,Active,Ctn 4PK HamChsCrois WF,WF HCC 4 Pk,Carton 4PK HamChsCrois WF,0,EA,EA,1,0.1306,0.1306,55
0204,Active,Chicken Bnls Wing Buffalo,6702,Buffalo Style Boneless Wing,0,CS,LB,10,2.9,29,6
0205,Active,Pork Pulled Smoked w/ Sauce,405128901,Smoked Pulled Pork with Sauce,0,CS,OZ,160,0.1669,26.704,56
0206,Active,Divider 12x9 Chipboard 20 Pt,10145853,Divider 12x9 Chipboard 20 Pt,0,EA,EA,1,0.0838,0.0838,17
0207,Active,Box Master Panini Jamba,10558596,Box Master Panini Jamba,1,EA,EA,1,0.372,0.372,17
0208,Active,Divider 9x9 Chipboard 20 Pt,10069550,Divider 8x9 Chipboard 20 Pt,1,EA,EA,1,0.0885,0.0885,17
0209,Active,Pickle Dill 3/16 Sliced Kosher,7578719,Pickle Dill Sli KK KO 3/16No Control,PL,EA,2250,,0.0127,0,1
0210,Active,Film Fuji Polish Baguetta CAN,0210 CAN,Film Fuji Polish Baguetta CAN,1,IMP,IMP,1,0.0426,0.0426,20
0211,Active,Film Fuji Bcn Chs Baguetta CAN,0211 CAN,Film Fuji Bcn Chs Baguetta CAN,1,IMP,IMP,1,0.0426,0.0426,20
0212,Active,Film Fuji Chsy Bf Baguetta CAN,0212 CAN,Film Fuji Chsy Bf Baguetta CAN,1,IMP,IMP,1,0.0426,0.0426,20
0213,Active,Film Shrink Perf 14in 60Ga,10071243,Film Shrink Perf 14in 60Ga,0,RL,IN,52440,0.0031,162.564,17
0214,Obsolete,LBL OP Hot Dog 3-5/8x3,P-039,LBL OP Hot Dog 3-5/8x3,0,CS,EA,8000,0.0347,277.6,25
0215,Active,Beef Patty Angus 4.5 OZ,445,Beef Patty Angus 4.5 oz ckd.,0,CS,EA,54,1.0659,57.5586,16
0216,Active,Lbl OP CBurger 3-5/8x3,P-037,LBL OP CBurger 3-5/8x3,0,CS,EA,9000,0.0347,312.3,25
0217,Active,Ctn 4PK Saus Egg Bisc WINCO,WINCO 4PK Ctn SauBis,Carton 4PK Saus Egg Bisc WINCO,1,EA,EA,1,0.1109,0.1109,17
0219,Active,Ctn 4PK Bacn Egg Bisc WINCO,WINCO 4PK Ctn BcnBis,Carton 4PK Bacn Egg Bisc WINCO,1,EA,EA,1,0.1109,0.1109,17
0220,Active,Ham Smoked Unsliced,201158,Ham Smoked Unsliced,1000,LB,LB,1,2.19,2.19,57
0221,Active,Ctn 4PK SausEgg Crois WINCO,WINCO 4PK Ctn SauCro,Carton 4PK SausEgg Crois WINCO,1,EA,EA,1,0.1109,0.1109,17
0222,Active,Ctn 4PK SausEgg Muff WINCO,WINCO 4PK Ctn SauMuf,Carton 4PK SausEgg Muff WINCO,1,EA,EA,1,0.1109,0.1109,17
0223,Active,Box Master WINCO 12-4PK,10508574,Box Master WINCO 12-4PK,1,EA,EA,1,0.59,0.59,17
0224,Active,Ctn 4PK SausEgg Muffin OP,OP 4PK Ctn SauMuf,Carton 4PK SausEgg Muffin OP,1,EA,EA,1,0.16,0.16,17
0226,Active,Ctn 4PK CanBac Egg Muff OP,OP 4PK Ctn CanBacEgg,Carton 4PK CanBac Egg Muff OP,1,EA,EA,1,0.16,0.16,17
0227,Active,Ctn 4PK Saus Egg Biscuit OP,OP 4PK Ctn Saus Bisc,Carton 4PK Saus Egg Biscuit OP,1,EA,EA,1,0.16,0.16,17
0228,Active,Ctn 4PK Bacn Egg Biscuit OP,OP 4PK Ctn Bacn Bisc,Carton 4PK Bacn Egg Biscuit OP,1,EA,EA,1,0.16,0.16,17
0229,Active,Box Master OP 12-4PK Value,OP Master 12-4 PK,Box Master OP 12-4PK Value,1,EA,EA,1,0.504,0.504,17
0230,Active,Muffin English Orig 3 Oz 80T,94024-3 Oz,Muffin English Orig 3 Oz 80T,1,CS,EA,80,0.1984,15.872,58
0231,Active,Muffin Eng Multigrain 3 Oz 80T,94022-3 Oz,Muffin Eng Multigrain 3 Oz 80T,1,CS,EA,80,0.2109,16.872,58
0232,Active,Film Lidding EZ Peel 16.54in,0232 Lidding Film,Film Lidding EZ Peel 16.54in,0,RL,IN,36000,0.0065,234,59
0233,Active,Film BOPP Fuji 9.5 In Web,SCR-25 9.5 BOPP,9.5 9,No Control,9842,FT,IN,0.0005,0,60
0233,Active,Film BOPP Fuji 9.5 In Web,9.5In Web 9842 Ft/Rl,Film BOPP Fuji 9.5 In Web,0,FT,IN,12,0.0005,0.006,61
0234,Active,Film BOPP Fuji 12 in Web,NSILB 12 Inch Web,Film BOPP Fuji 12 in Web,0,FT,IN,12,0.0007,0.0084,61
0234,Active,Film BOPP Fuji 12 in Web,SCR-25 12 Web,12 Web 9,No Control,9842,FT,IN,0.0007,0,60
0235,Active,Film BOPP Fuji 14.5 in Web,SCR-25 14.5 Web,14.5 9,No Control,9842,FT,IN,0.0008,0,60
0235,Active,Film BOPP Fuji 14.5 in Web,BOPP 14.5 Web,Film BOPP Fuji 14.5 in Web,9842,FT,IN,12,0.0008,0.0096,61
0236,Obsolete,U Pad 5 X 7 Hamburger Firenza,1.02935E+11,U Pad 5 X 7 Hamburger Firenza,18,K,EA,1000,0.0471,47.1,17
0237,Obsolete,Film BOPP Fuji 15 in Web,15 Web,15 5,No Control,70860,FT,IN,0.0004,0,60
0238,Active,Tray Entree Black CPET 12 Oz,GPC-5066-12,GPC-5066-12 Tray 12z Blk CPET,1,CS,EA,600,0.075,45,17
0239,Obsolete,Carton OP Dipper Corn Dog,OP Dipper Corn Dog,Carton OP Dipper Corn Dog,1,EA,EA,1,0.0898,0.0898,17
0240,Obsolete,Carton OP Dipper Popcorn Chick,OP Dipper Pop Chick,Carton OP Dipper Popcorn Chick,1,EA,EA,1,0.0898,0.0898,17
0241,Obsolete,Carton OP Dipper Chicken Ched,OP Dipper Chick Ched,Carton OP Dipper Chicken Ched,1,EA,EA,1,0.0898,0.0898,17
0242,Obsolete,Box Master OP 18Pk Lunch Dippr,OP Master 18 Pk Dip,Box Master OP 18Pk Lunch Dippr,1,EA,EA,1,0.3167,0.3167,17
0243,Obsolete,Ketchup Cup 1 Oz Dipper,98877,Ketchup Cup 1 Oz Dipper,0,CS,EA,160,0.0622,9.952,62
0244,Obsolete,Nuggets Chix N Cheddar .55 Oz,251BP,Chicken   Ched Nibblers .55 Oz,0,CS,EA,1160,0.0476,55.216,63
0245,Obsolete,Chicken Popcorn 20 Lb,20300,Chicken Popcorn 20 Lb,0,CS,OZ,320,0.0894,28.608,63
0246,Obsolete,Nugget Corn Dog .67 Oz,20042,Corn Dog Nuggets .67 Oz,0,CS,EA,238,0.0563,13.3994,64
0248,Obsolete,Cheese Havarti Sliced 1 Oz,16687,Cheese Havarti Sliced 1 Oz,25,CS,EA,192,0.2025,38.88,9
0249,Obsolete,Egg White Patty 1.67 oz,70064,Egg White Patty 192-1.67 Oz,0,CS,EA,192,0.133,25.536,7
0250,Obsolete,Egg Patty Scrambled 1.67 oz,70061,Egg Patty Scrambled 1.67 OZ,0,CS,EA,168,0.1186,19.9248,7
0251,Active,Bacon Uncured Slcd 2-150 EA,12604-14,Bacon Uncured Slcd 2-150 EA,0,CS,EA,300,0.1019,30.57,8
0252,Active,Loaf Panini White,230995,Loaf Panini White 16 SL/Loaf,0,CS,EA,256,0.072,18.432,65
0252,Active,Loaf Panini White,2771,SK White Panini Loaf,0,CS,EA,300,0.072,21.6,28
0253,Active,Beef Seas Diced .5inx.5in,B21CB1915,Ckd Seas Beef w/ Starch,0,CS,LB,35,3.93,137.55,66
0254,Active,Chicken Ckd Diced .5in x.5in,14200,Diced 1/2in Chicken White Meat,0,CS,LB,10,3.43,34.3,67
0255,Active,Chicken Seas Diced .5in x.5in,111348,Seas Diced 1/2in Chic Brst Mt,0,CS,LB,10,3.18,31.8,67
0256,Active,Onion Diced 1/4in Crmlzd ,70640100,Onion Diced 1/4in Crmlzd ,0,CS,OZ,400,0.1069,42.76,34
0257,Active,Onion Diced 1/2in Rstd,70650080,Onion Diced 1/2in Rstd,0,CS,OZ,400,0.1094,43.76,34
0258,Active,Pepper Green Strip Rstd,70653035,Pepper Green Strip Rstd,0,CS,OZ,320,0.1124,35.968,34
0259,Active,Pepper Strip Red Rstd,70653155,Pepper Strip Red Rstd,1,CS,OZ,320,0.1124,35.968,34
0260,Active,Mushroom Diced 1/2in Rstd,70658018,Mushroom Diced 1/2in Rstd,0,CS,OZ,400,0.1611,64.44,34
0261,Active,Bacon Bits 3/16in Dice,37295,Fast N Easy Bacon Bits Diced,0,CS,OZ,320,0.2791,89.312,46
0262,Active,Chile Poblana IQF 1/4in,11080,Chile Poblana IQF 1/4in,1,CS,OZ,720,0.0874,62.928,22
0263,Active,Tomato RM IQF Diced 3/8in,16543,Tomato RM IQF Diced 3/8in,1,CS,OZ,720,0.0969,69.768,22
0264,Active,Susceptor Micro Grill Panini,SK 6.5 Micro Grill,Susceptor Micro Grill Panini,10000,EA,EA,1,0.0829,0.0829,30
0265,Active,Flavor Beef Nat Art SB,44700 89719,Nat   Art Beef Flavor SB,0,PL,OZ,560,1.0838,606.928,68
0266,Active,Cheese Shred RF Mozz,4610033644,6/5# Bevel Shred RF Mozz,0,CS,OZ,480,0.1413,67.824,31
0267,Active,Cheese Grtd Rom/Parm/Asiago,4610033643,50 Lb Grated Rom/Parm/Asiago,0,CS,OZ,800,0.2295,183.6,31
0268,Active,Spread Asiago Processed,4610033809,18/20 Oz Asiago Spread NTF,0,CS,OZ,360,0.1421,51.156,31
0269,Active,Spread Cheddar Cheese,4610033811,18/20 Oz Cheddar Cheese Spread,0,CS,OZ,360,0.1268,45.648,31
0270,Active,Starch Ultra Sperse M,50-3012,Ultra-Sperse M 50 Lb Bag,0,BOX,OZ,800,0.1156,92.48,69
0271,Active,Spread Cream Cheese American,8357,Spread Cream Cheese American,1,CS,OZ,480,0.1159,55.632,9
0272,Active,Tray Panini No Print Uncoated,Panini Tray,Tray Panini No Print Uncoated,0,EA,EA,1,0.0786,0.0786,55
0272,Active,Tray Panini No Print Uncoated,0488-0904,Tray Panini No Print,10000,EA,EA,1,0.0786,0.0786,17
0273,Active,Ctn HEB Panini Mush Stk Ched,Ctn Panini Steak,Ctn HEB Panini Mush Stk Ched,1,EA,EA,1,0.0991,0.0991,17
0274,Active,Ctn HEB Panini Philly Stk,Ctn Panini Philly,Ctn HEB Panini Philly Stk,1,EA,EA,1,0.14,0.14,17
0275,Active,Ctn HEB Panini Chick Spin Mush,Ctn Panini Chik Spin,Ctn HEB Panini Chick Spin Mush,1,EA,EA,1,0.14,0.14,17
0276,Active,Ctn HEB Panini Poblano Chicken,Ctn Panini Chicken,Ctn HEB Panini Poblano Chicken,1,EA,EA,1,0.14,0.14,17
0277,Active,Spread Chipotle Flavor Conc,8410953,Flavor Conc Chipotle PPR,0,CS,OZ,86.4,0.4774,41.24736,1
0278,Active,Spread Ranch Fat Free,4142301552,4/1 Gal Fat Free Ranch,0,CS,OZ,512,0.0637,32.6144,70
0279,Active,Ham Blk Frst Log Unsliced SBUX,4150,4-6 Lb (Catch),0,LB,LB,1,3.4,3.4,10
0280,Active,Pepper Red Diced 1/4in,70653214,Fire Rstd 1/4in Diced Red Pprs,0,CS,OZ,720,0.0968,69.696,34
0280,Active,Pepper Red Diced 1/4in,16717 - 45 Lbs,Rstd Red Bell Pepper 1/4 Dice,0,CS,OZ,720,0.0968,69.696,22
0281,Active,Ctn Panini Chicken Club,Ctn Panini Chic Club,Carton Panini Chicken Club,1,EA,EA,1,0.0991,0.0991,17
0282,Obsolete,Ctn Panini Philly Stk Chs,Ctn Panini Phlly Stk,Carton Panini Philly Stk Chs,1,EA,EA,1,0.0991,0.0991,17
0283,Obsolete,Ctn Panini Chicken Spinach,Ctn Panini Chic Spin,Carton Panini Chicken Spinach,1,EA,EA,1,0.0991,0.0991,17
0284,Obsolete,Ctn Panini Chicken Poblano,Ctn Panini Chic Pobl,Carton Panini Chicken Poblano,1,EA,EA,1,0.0991,0.0991,17
0285,Obsolete,Insert Pepperoni Saus 5 to 1,112318,Pepperoni Skinless Saus 5 to 1,1,CS,EA,50,0.434,21.7,32
0286,Active,Beef Hamburger Patty 2.6oz,2.6 Oz Patty,Beef Hamburger Patty 2.6oz,0,CS,EA,247,0.4421,109.1987,71
0287,Active,Hot Dog Nathans 5-1 6in,36906-97115,Nathans 5-1 6in Skls Bf Frank,0,CS,EA,50,0.47,23.5,72
0288,Active,Film Baguetta Nathans Hot Dog,SKFG Nathans HD,Film Baguetta Nathans Hot Dog,0,RL,IMP,4000,0.0877,350.8,59
0289,Active,Film Baguetta OP Pepperoni,SKFG OP Pepperoni,Film Baguetta OP Pepperoni,0,RL,IMP,4000,0.0877,350.8,59
0290,Obsolete,Cheese Havarti Sliced .5 Oz,13196,10/1# Intrlf 22 Sl Havarti .5z,0,CS,EA,320,0.1055,33.76,9
0291,Obsolete,Spread Herb   Chs Florentine,ZSKS009-005,Herb Cheese Spread,0,CS,OZ,640,0.2132,136.448,73
0292,Active,Polish Hot Bf Nathans 5-1 6in,36906-97116,Nathans 5-1 6in Hot Bf Polish,0,CS,EA,50,0.49,24.5,72
0293,Active,Hot Dog Nathans 7-1 6.75in,36906-97107,Nathans 7-1 6.75in Skls Bf,0,CS,EA,70,0.3357,23.499,72
0294,Obsolete,Hot Dog Nathans 8-1 6NATFAM,Nathans 8-1 6 Skls Bf Frank,No Control,CS,EA,80,,0,0,1000
0295,Active,Hot Dog Nathans 10-1 6in,36906-97113,Nathans 10-1 6in Skls Bf Frnk,0,CS,EA,100,0.235,23.5,72
0297,Active,Bun Hot Dog Plain 6in,53619,Plain Hot Dog Buns 12 Ct,0,CS,EA,144,0.1177,16.9488,74
0298,Active,Sauce Hot Dog Chili Sauce 1 Oz,MJ13100,Hot Dog Chili Sauce 1 Oz,1,CS,EA,288,0.1294,37.2672,53
0299,Active,Film Baguetta OP Pepperoni CAN,SKFG OP Pepp CAN,Film Baguetta OP Pepperoni CAN,0,RL,IMP,4000,0.0877,350.8,59
0300,Active,Tray Nathans Hot Dog Single,CS-9234,Tray Nathans Hot Dog Single,0,CS,EA,1000,0.0376,37.6,72
0301,Active,Tray Nathans Hot Dog Double,FT-9143,Tray Nathans Hot Dog Double,0,CS,EA,500,0.0751,37.55,72
0302,Active,Film Fuji Nathans Chili Dog,Chili HD Single,Film Fuji Nathans Chili Dog,0,RL,IMP,9000,0.0401,360.9,59
0303,Active,Film Fuji Nathans Chl Dog Twin,Chili HD Twin,Film Fuji Nathans Chl Dog Twin,0,RL,IMP,9000,0.0531,477.9,59
0304,Active,Film Fuji Nathans Bf Hot Dog,Beef Hot Dog Single,Film Fuji Nathans Bf Hot Dog,0,RL,IMP,9000,0.0401,360.9,59
0305,Active,Film Fuji Nathans Bf Dog Twin,Beef HD Twin,Film Fuji Nathans Bf Dog Twin,0,RL,IMP,9000,0.0531,477.9,59
0306,Active,Film Fuji Nathans Jumbo Bf HD,Jumbo Beef HD,Film Fuji Nathans Jumbo Bf HD,0,RL,IMP,9000,0.0401,360.9,59
0307,Active,Film Fuji Nathans Jumbo Spicy,Jumbo Spicy HD,Film Fuji Nathans Jumbo Spicy,0,RL,IMP,9000,0.0401,360.9,59
0308,Obsolete,Sauce Spin and Artichk Portion,SN7020,Spinach Artichoke Sauce,0,CS,EA,576,0.1287,74.1312,53
0309,Active,Film Tiro OP Tuna Dbl Wdg CAN,0309 OP Tuna Dbl CAN,Film Tiro OP Tuna Dbl Wdg CAN,0,RL,EA,15603,0.0437,681.8511,20
0310,Active,Film Tiro OP Hm Tky Sw Dbl CAN,0310 OP Ham Dbl CAN,Film Tiro OP Hm Tky Sw Dbl CAN,0,RL,EA,15603,0.0437,681.8511,20
0311,Active,Chicken Crumble Ckd Chorizo,B20-CC3398,Ckd Chicken Crumble Chrzo Seas,0,CS,LB,30,2.79,83.7,66
0312,Active,Turkey Crumble Seasoned,B20-CT3434,Ckd Seasoned Turkey Crumble,0,CS,LB,30,2.96,88.8,66
0313,Active,Egg Scrmbld IQF Chol FF,LL3014SK,Egg Scrmbld IQF Chol FF,0,CS,OZ,320,0.0814,26.048,35
0314,Active,Tortilla Salsa Homestyle 9in,F-IF-9in Salsa,Tortilla Salsa Homestyle 9in,0,CS,EA,144,0.1465,21.096,75
0315,Active,Tortilla White Homestyle 9in,F-IF-9in Home,Tortilla White Homestyle 9in,0,CS,EA,144,0.1452,20.9088,75
0316,Active,Tortilla Whl Wht Homestyle 9in,F-IF-9in WW,Tortilla Whl Wht Homestyle 9in,0,CS,EA,168,0.1452,24.3936,75
0317,Active,Corn/Pepper/Blk Bean Blend,70690518,Corn/Pepper/Blk Bean Blend,0,CS,OZ,400,0.1213,48.52,34
0318,Obsolete,Potato Popcorn 12-24 Oz,MCR04624,Potato Popcorn 12-24 Oz,1,CS,OZ,288,0.097,27.936,34
0319,Active,Spread Cream Cheese Asiago,8804,Spread Cream Cheese Asiago,0,CS,OZ,480,0.1159,55.632,9
0320,Active,Cheese Ched Med Shred 4-5 LB,11901,Cheese Ched Med Shred 4-5 LB,0,CS,LB,20,2.79,55.8,49
0321,Active,Cheese Mozz Shred 12-2 LB,11321,Cheese Mozz Shred 12-2 LB,0,CS,LB,24,3.5567,85.3608,49
0322,Active,Film Forming Map Pillow 9 Mil,9 Mil Forming SKFG,Film Map Pillow 9 Mil,0,RL,IN,14400,0.0179,257.76,59
0323,Obsolete,Cheese Shred LMPS Mozz 6/5 LB,SAR-4610033706,Cheese Shred LMPS Mozz 6/5 LB,0,CS,OZ,480,0.1569,75.312,31
0324,Active,Lbl Direct Thermal 4x6 Blank,B2069358100DT40018,LBL Direct Thermal 4x6 Blank,0,CS,EA,2000,0.0202,40.4,25
0325,Active,Pallet AHOLD Grd A #1 Wht Wood,#1 40x48 White,Pallet AHOLD Grd A #1 Wht Wood,0,EA,EA,1,10,10,76
0326,Obsolete,Egg Frittata Chs Veg 200-1.75Z,85428,Egg Frittata Chs Veg 200-1.75Z,0,CS,EA,200,0.245,49,7
0327,Active,Cheese Mont Jack Slcd 1 Oz,47775,Cheese Mont Jack Slcd 1 Oz,0,CS,EA,256,0.1627,41.6512,9
0328,Active,Film SBUX 9.5in Spinach Wrap,SKSW95,Film SBUX 9.5in Spinach Wrap,0,RL,IMP,12500,0.0086,107.5,61
0329,Active,Film SBUX 12in Bacon Artisan,SKBA12,Film SBUX 12in Bacon Artisan,0,RL,IMP,16500,0.0079,130.35,61
0330,Active,Film SBUX 12in Ham Artisan,SKHA12,Film SBUX 12in Ham Artisan,0,RL,IMP,16500,0.0079,130.35,61
0331,Active,Film SBUX 12in Veg Artisan,SKVA12,Film SBUX 12in Veg Artisan,0,RL,IMP,16500,0.0079,130.35,61
0332,Active,Film SBUX 14.5in Sausge Muffin,SKSM145,Film SBUX 14.5in Sausge Muffin,0,RL,IMP,15000,0.0106,159,61
0333,Active,Film SBUX 14.5in RF Trkey Bacn,SKTB145,Film SBUX 14.5in RF Trkey Bacn,0,RL,IMP,15000,0.0106,159,61
0334,Obsolete,Push Pull Grip Sht 43x51x.30 ,1093251,Push Pull Grip Sht 43x51x.30 ,0,PAL,EA,1000,1.23,1230,2
0335,Obsolete,Spread Artichoke,FP48073,Artichoke Spread 1-30 Lb,0,PL,OZ,480,0.2169,104.112,77
0336,Obsolete,Spread Dijonnaise,FP48070,Dijonnaise Spread 1-30 Lb,0,PL,OZ,480,0.2041,97.968,77
0337,Obsolete,Spread Mayo Pesto,FP48072,Mayo Pesto Spread 1-30 Lb,0,PL,OZ,480,0.1735,83.28,77
0338,Obsolete,Spread Sun Dried Tomato,FP48071,Sun Dried Tomato Sprd 1-30 Lb,0,PL,OZ,480,0.1689,81.072,77
0339,Active,Ham Honey Smkd Diced 1/4in,122745,Ham Honey Smkd Diced 1/4in,0,CS,LB,10,2.88,28.8,32
0340,Active,Pepper Green Diced 1/4in,70653104,Pepper Green Diced 1/4in,0,CS,OZ,400,0.0936,37.44,34
0340,Active,Pepper Green Diced 1/4in,16715,Pepper Green Diced 1/4in,0,CS,OZ,720,0.0936,67.392,22
0341,Active,Sausage Crumbles 2-5 Lb,Sara Lee 39001,Sausage Crumbles 2-5 Lb,0,CS,OZ,160,0.2113,33.808,42
0341,Active,Sausage Crumbles 2-5 Lb,39001,Sausage Crumbles 2-5 Lb,0,CS,OZ,160,0.2113,33.808,78
0342,Active,Spread Cream Chs Cinn Maple,8805,Spread Cream Chs Cinn Maple,0,CS,OZ,480,0.1469,70.512,9
0343,Active,Ctn Saus HEB Brkfst Panini,HEB Sausage Panini,Carton Saus HEB Brkfst Panini,0,EA,EA,1,0.142,0.142,55
0343,Active,Ctn Saus HEB Brkfst Panini,HEB Sausage Panini,Carton Saus HEB Brkfst Panini,0,EA,EA,1,0.142,0.142,17
0344,Active,Ctn Westrn HEB Brkft Panini,HEB Western Panini,Carton Westrn HEB Brkft Panini,0,EA,EA,1,0.142,0.142,17
0344,Active,Ctn Westrn HEB Brkft Panini,HEB Western Panini,Carton Westrn HEB Brkft Panini,0,EA,EA,1,0.142,0.142,55
0345,Active,Film Tiro Heb National Hot Dog,Hebrew National HD,Film Tiro Heb National Hot Dog,0,RL,IMP,15603,0.0686,1070.3658,20
0346,Obsolete,Egg CF Insert Folded Egg White,86528-CF,Dbl Folded Egg Wht Omelet CF,0,CS,EA,180,0.1944,34.992,7
0347,Active,Egg CF White Patty 1.67 oz,70062-CF,Egg CF White Patty 192-1.67 Oz,0,CS,EA,192,0.1879,36.0768,7
0348,Active,Tuna Salad w/ Albacore 45 Lb,47692-20121 (45Lb),Tuna Salad (SK Food Group),0,CS,OZ,720,0.3868,278.496,79
0349,Active,Mustard Grey Poupon 2/128 Oz,377285,Mustard Grey Poupon 2/128oz,0,CS,OZ,256,0.2509,64.2304,42
0349,Active,Mustard Grey Poupon 2/128 Oz,36359,Mustard Grey Poupon 2/128 Oz,0,CS,OZ,256,0.2509,64.2304,80
0350,Active,Roll Focaccia Panini,36301,Panini Focaccia Roll,0,CS,EA,100,0.2707,27.07,5
0351,Obsolete,Ham Blk Frst Log Unslcd Panini,4170,2-15 Lb (Catch),0,LB,LB,1,3.2,3.2,10
0352,Active,Spread Pesto No Nut ,FP48075,Nut Free Pesto 30 Lb,0,PL,OZ,480,0.1725,82.8,77
0353,Obsolete,Vinegar Balsamic,52200,Vinegar Balsamic 2-5 LT,1,CS,OZ,338,0.1327,44.8526,19
0354,Obsolete,Flatbread Grilled 6x6 3 Oz,67313,6x6 Grilled Pocket Flatbread,0,CS,EA,120,0.2142,25.704,81
0355,Active,Cheese Mozzarella 1.3 Oz,46793,18-16.5Oz Mozzarella 1.3 Oz,30,CS,EA,222,0.2238,49.6836,9
0356,Active,Cheese Swiss Sliced .75 Oz,46794,18-16.5 Oz Swiss .75 Oz,30,CS,EA,396,0.1881,74.4876,9
0357,Active,Cheese Pepper Jack .75 Oz,46795,18-1 Lb Pepper Jack .75z Intlf,30,CS,EA,396,0.1431,56.6676,9
0358,Active,Chicken Artisan Rst Slcng Log,59594,Natural Uncured Chicken Breast,0,LB,LB,1,3.98,3.98,82
0359,Active,Spread Cream Chs Green Chili,8969,Spread Cream Chs Green Chili,0,CS,OZ,480,0.1114,53.472,9
0360,Obsolete,Film SBUX Panini Tuna Salad,SBUX Panini Tuna,Film SBUX Panini Tuna Salad,0,IMP,IMP,1,0,0,83
0361,Obsolete,Film SBUX Panini Ham Swiss,SBUX Panini Ham,Film SBUX Panini Ham Swiss,0,IMP,IMP,1,0,0,83
0362,Obsolete,Film SBUX Panini Rstd Tomato,SBUX Panini Tomato,Film SBUX Panini Rstd Tomato,0,IMP,IMP,1,0,0,83
0363,Obsolete,Film SBUX Panini Santa Fe Chic,SBUX Panini Chicken,Film SBUX Panini Santa Fe Chic,0,IMP,IMP,1,0,0,83
0364,Active,Film BOPP Fuji 10 in Web,SCR-25 10 Web,10 9,No Control,9842,FT,IN,0.0006,0,60
0364,Active,Film BOPP Fuji 10 in Web,10 BOPP,Film BOPP Fuji 10 in Web,9842,FT,IN,12,0.0006,0.0072,61
0365,Active,Ham Log Cured 3.5 Inch SBUX,75143,Ham Log Cured Unsliced SBUX,0,LB,LB,1,3.11,3.11,12
0366,Obsolete,Egg Patty Ham Ched 4 Oz CF,2003-01,Ham Ched Egg Patty 4 Oz CF,0,CS,EA,72,0.92,66.24,84
0367,Obsolete,Butter French Herb .4 Oz,Formula 2116 .4 Oz,Butter French Herb .4 Oz,0,EA,EA,1,0.1076,0.1076,85
0368,Obsolete,Apple Wedge Roasted Simplot,397175,Apple RoastWorks Fuji 6-2.5Lb,0,CS,OZ,240,0.1255,30.12,42
0369,Obsolete,Squash ButtrNut IQF 3/4in Dice,VDF R95.1,Squash ButtrNut IQF 3/4in Dice,0,CS,OZ,800,0.1031,82.48,86
0370,Obsolete,Asparagus Tips IQF Roasted 1in,VDF J49,Asparagus Tips IQF Roasted 1in,0,CS,OZ,800,0.1938,155.04,86
0371,Active,Sweet Potato Medley Roasted,AX508,Oven Roasted Potato Medley,0,CS,OZ,240,0.0899,21.576,13
0372,Active,Bowl Round Anchor 12 Oz,M5816B,Bowl Round Anchor 12 Oz,0,CS,EA,500,0.0901,45.05,2
0373,Active,Lid Round Anchor 12 Oz,LH5800,Lid Round Anchor 12 Oz,0,CS,EA,500,0.1105,55.25,2
0374,Active,Lbl Saus Scramble Bowl Lid,0374 Saus Bowl Lid,Lbl Saus Scramble Bowl Lid,0,RL,EA,1000,0.0246,24.6,20
0375,Active,Lbl Bacon Scramble Bowl Lid,0375 Bacon Bowl Lid,Lbl Bacon Scramble Bowl Lid,0,RL,EA,1000,0.0246,24.6,20
0376,Active,Lbl Chckn Teriyaki Bowl Lid,0376 Chckn Bowl Lid,Lbl Chckn Teriyaki Bowl Lid,0,RL,EA,1000,0.0246,24.6,20
0377,Active,Lbl Saus Scramble Bowl Bottom,0377 Saus Bowl Btm,Lbl Saus Scramble Bowl Bottom,0,RL,EA,2000,0.0076,15.2,20
0378,Active,Lbl Bacon Scramble Bowl Bottom,0378 Bacon Bowl Btm,Lbl Bacon Scramble Bowl Bottom,0,RL,EA,2000,0.0076,15.2,20
0379,Active,Lbl Chckn Teriyaki Bowl Bottom,0379 Chckn Bowl Btm,Lbl Chckn Teriyaki Bowl Bottom,0,RL,EA,2000,0.0076,15.2,20
0380,Active,Box Master Cash n Carry 12 Pk,Spec 71352 TBD,Box Master Cash n Carry 12 Pk,0,EA,EA,1,0.408,0.408,17
0381,Active,Lbl Master C C Saus Croiss 5x7,C C Lbl Saus Croiss,Lbl Master C C Saus Croiss 5x7,0,RL,EA,850,0.1318,112.03,17
0382,Active,Lbl Master C C Saus Muffin 5x7,C C Lbl Saus Muffin,Lbl Master C C Saus Muffin 5x7,0,RL,EA,850,0.1318,112.03,17
0383,Active,Lbl Master C C Bacon Bisc 5x7,C C Lbl Bacon Bisc,Lbl Master C C Bacon Bisc 5x7,0,RL,EA,850,0.1318,112.03,17
0384,Active,Ham Log Cured 6 Inch SBUX,113202,Ham Log Cured Lunch SBUX,0,LB,LB,1,3.02,3.02,12
0385,Active,Box Master WF 6-4PK HCC,9.5x8.5x13.5 26B HCC,Box Master WF 6-4PK HCC,1,EA,EA,1,0.4699,0.4699,17
0386,Active,Tomatoes Roasted Wedges in Oil,RW1,Tomatoes Rinsed Wedges,0,CS,OZ,400,0.3681,147.24,87
0387,Active,Potato Popcorn 6-5 Lb,MCF05065,Formed Potato Popcorn Grade A,1,CS,OZ,480,0.1044,50.112,34
0388,Active,Bowl Round Sabert 5in 12 Oz,75112B500,Bowl Round Sabert 5in 12 Oz,0,CS,EA,500,0.0811,40.55,17
0389,Active,Lid Round Sabert for 0388,52571B500,Lid Round Sabert for 0388,0,CS,EA,500,0.0752,37.6,17
0390,Active,Box Master OP Scramble Bowls,72155,Box Master OP Scramble Bowls,1,EA,EA,1,0.359,0.359,17
0391,Active,Lbl OP Bcn Scramble Bowl Lid,0391 Bcn Bowl Lid,Lbl OP Bcn Scramble Bowl Lid,0,RL,EA,1000,0.0779,77.9,20
0392,Active,Lbl OP Bcn Scramble Bowl Btm,0392 Bcn Bowl Btm,Lbl OP Bcn Scramble Bowl Btm,0,RL,EA,1000,0.0198,19.8,20
0393,Active,Lbl OP Chicken Teri Bowl Lid,0393 Teri Bowl Lid,Lbl OP Chicken Teri Bowl Lid,0,RL,EA,1000,0.0779,77.9,20
0394,Active,Lbl OP Chick Teri Bowl Btm,0394 Teri Bowl Btm,Lbl OP Chick Teri Bowl Btm,0,RL,EA,1000,0.0198,19.8,20
0395,Active,Lbl OP Ham Scramble Bowl Lid,0395 Ham Bowl Lid,Lbl OP Ham Scramble Bowl Lid,0,RL,EA,1000,0.0779,77.9,20
0396,Active,Lbl OP Ham Scramble Bowl Btm,0396 Ham Bowl Btm,Lbl OP Ham Scramble Bowl Btm,0,RL,EA,1000,0.0198,19.8,20
0397,Active,Lbl OP Saus Scramble Bowl Lid,0395 Saus Bowl Lid,Lbl OP Saus Scramble Bowl Lid,0,RL,EA,1000,0.0779,77.9,20
0398,Active,Lbl OP Saus Scramble Bowl Btm,0398 Saus Bowl Btm,Lbl OP Saus Scramble Bowl Btm,0,RL,EA,1000,0.0198,19.8,20
0399,Active,Biscuit Buttermilk 2 Oz Sliced,849,Biscuit Buttermilk 2 Oz Sliced,1,CS,EA,144,0.1161,16.7184,41
0400,Active,Roll White Rustic 190/Cs,17117,Roll White Rustic SBUX 190/Cs,1,CS,EA,190,0.1994,37.886,5
0401,Active,Film BOPP Fuji 16 in Web,SCR-25 16 Web,Film BOPP Fuji 16 in Web,9842,FT,IN,12,0.0009,0.0108,60
0402,Active,Ctn PrcChop BECB 4 Pk Zipper,Price Chopper BECB,Ctn PrcChop BECB 4 Pk Zipper,0,EA,EA,1,0.1306,0.1306,55
0403,Active,Ctn PrcChop SECB 4 Pk Zipper,Price Chopper SECB,Ctn PrcChop SECB 4 Pk Zipper,0,EA,EA,1,0.1306,0.1306,55
0404,Active,Ctn PrcChop SECC 4 Pk Zipper,Price Chopper SECC,Ctn PrcChop SECC 4 Pk Zipper,0,EA,EA,1,0.1306,0.1306,55
0405,Active,Ctn PrcChop Panini Chick Club,PChop Panini Chk Clb,Ctn PrcChop Panini Chick Club,0,EA,EA,1,0.1002,0.1002,55
0406,Active,Ctn PrcChop Panini Chik Philly,PChop Pan Chk Phly,Ctn PrcChop Panini Chik Philly,0,EA,EA,1,0.1002,0.1002,55
0407,Active,Ctn PrcChop Panini Chik Spin,PChop Pan Chk Spin,Ctn PrcChop Panini Chik Spin,0,EA,EA,1,0.1002,0.1002,55
0408,Active,Ctn PrcChop Panini Philly Stk,PChop Pan Philly Stk,Ctn PrcChop Panini Philly Stk,0,EA,EA,1,0.1002,0.1002,55
0409,Active,Ctn PrcChop Bowl BEC 8 Oz,PChop Bowl BEC 8z,Cth PrcChop Bowl BEC 8 Oz,0,EA,EA,1,0.1396,0.1396,55
0411,Active,Ctn PrcChop Bowl HECP 8 Oz,PChop Bowl HECP 8z,Ctn PrcChop Bowl HECP 8 Oz,0,EA,EA,1,0.1396,0.1396,55
0412,Active,Ctn PrcChop Bowl CECP 8 Oz,PChop Bowl SECP 8z,Ctn PrcChop Bowl CECP 8 Oz,0,EA,EA,1,0.1396,0.1396,55
0413,Active,Film Fuji SECM Direct Plus,Direct Plus SECM,Film Fuji SECM Direct Plus,0,RL,EA,15000,0.0694,1041,20
0414,Active,Film Fuji CBECM Direct Plus,Direct Plus CBECM,Film Fuji CBECM Direct Plus,0,RL,EA,15000,0.0694,1041,20
0415,Active,Ctn 2x2PK BacEggChsBisc Meijer,Meijer BECB 2x2Pk,Ctn 2x2PK BacEggChsBisc Meijer,0,EA,EA,1,0.1109,0.1109,55
0416,Active,Ctn 2x2PK SauEggChsCroi Meijer,Meijer SECC 2x2Pk,Ctn 2x2PK SauEggChsCroi Meijer,0,EA,EA,1,0.1109,0.1109,55
0417,Active,Ctn 2x2PK SauEggChsMuff Meijer,Meijer SECM 2x2Pk,Ctn 2x2PK SauEggChsMuff Meijer,0,EA,EA,1,0.1109,0.1109,55
0418,Active,Ctn 2x2PK SauEggChsBisc Meijer,Meijer SECB 2x2Pk,Ctn 2x2PK SauEggChsBisc Meijer,0,EA,EA,1,0.1407,0.1407,55
0419,Active,Sausage Italian Chick Crumble,B20-CC3459,Ckd Ital Chicken Pty Crumble,0,CS,LB,30,2.67,80.1,66
0420,Active,Pepper Bell Yellow Rstd IQF,16719 - 45Lbs,Bell Pepper Yellow Rst 1/4Unchangeable Control,CS,OZ,720,CS,0.1061,0,22
0420,Active,Pepper Bell Yellow Rstd IQF,PYR-DICE-0045,Pepper Bell Yellow Rstd IQF,0,CS,OZ,720,0.1061,76.392,40
0420,Active,Pepper Bell Yellow Rstd IQF,Rework-40 Lb,Pepper Yellow CM Rstd 3/8No Control,CS,OZ,640,,0.1061,0,88
0421,Active,Spread Cream Chz Rst Red Ppr,9793,Spread Cream Chz Rst Red Ppr,1,CS,OZ,480,0.1181,56.688,9
0422,Active,Egg CF LS Insrt Fold Egg White,86528 LS,Egg CF LS Insrt Fold Egg White,0,CS,EA,180,0.2044,36.792,7
0423,Active,Zucchini Diced Rstd IQF,507143,Zucchini Diced Rstd IQF,0,CS,OZ,640,0.1256,80.384,88
0424,Active,Film SBUX 9.5in ChickSaus Wrap,SKCSW95,Film SBUX 9.5in ChickSaus Wrap,0,RL,IMP,12500,0.0078,97.5,61
0426,Active,Spread Cream Cheese Fig,9858,Spread Cream Cheese Fig,0,CS,OZ,480,0.1513,72.624,9
0427,Active,Egg LS Patty Scrambled 1.67 oz,70061 LS,Egg LS Patty Scrambled 1.67 OZ,0,CS,EA,168,0.1245,20.916,7
0428,Active,Chicken Seas Ckd Strips,B20-CC2067,Chicken Seas Ckd Strips,0,CS,LB,30,3.2,96,66
0429,Active,Flatbread Flax Rollup Perf,P-5340907-0612,Flatbread Flax Rollup 7x9 Perf,1,CS,EA,72,0.2877,20.7144,39
0430,Active,Flatbread Garden Rollup Perf,P-5780907-0612,Flatbread Garden Rollup Perf,1,CS,EA,72,0.2877,20.7144,39
0431,Active,Turkey Breast Uncured Smoked,59570,Turkey Breast Uncured Smoked,0,LB,LB,1,4.39,4.39,82
0432,Active,Onion Sliced Balsamico,60911,Onion Sliced Balsamico,0,CS,OZ,528.6,0.1153,60.94758,89
0433,Active,Egg LS Patty Frittata Cheese,85429 LS,Egg LS Patty Frittata Cheese,0,CS,EA,200,0.2384,47.68,7
0434,Active,Egg LS Frittata Chs Veg 1.75Z,85428 LS,Egg LS Frittata Chs Veg 1.75Z,0,CS,EA,200,0.2511,50.22,7
0435,Active,Tray Clear Hinged DV3708,1147859,Tray Clear Hinged DV3708,0,CS,EA,250,0.23,57.5,2
0436,Active,Thai Sweet Chili Sauce,13006P0069,Thai Sweet Chili Sauce,0,CS,OZ,468,0.0744,34.8192,90
0437,Active,Bamboo Shoot Strips,42220,Bamboo Shoot Strips,0,CS,OZ,618,0.0671,41.4678,91
0438,Active,Carrot Strips Julienne,43602,Carrot Strips Julienne,0,CS,OZ,528,0.0593,31.3104,91
0439,Active,Cheese Mont Jack Slcd .67 Oz,141,Cheese Mont Jack Slcd .67 Oz,0,CS,EA,648,0.1187,76.9176,9
0440,Active,Dairy Base Bulk,9531,Dairy Base Bulk,0,CS,OZ,480,0.105,50.4,9
0441,Active,Loaf Pullman Cinnamon Raisin,2372,Loaf Pullman Cinnamon Raisin,0,CS,EA,280,0.1099,30.772,28
0442,Active,Apple IQF Diced 3/8TRETOP,Apple IQF Diced 3/8No Control,0,OZ,640,,0,0,0,1000
0442,Active,Apple IQF Diced 3/8PETFAR,Apple IQF Diced 3/8No Control,0,OZ,640,,0,0,0,1000
0443,Active,Cheese Brie Sliced .705 Oz,57200,Cheese Brie Sliced .705 Oz,0,CS,EA,150,0.3102,46.53,92
0444,Obsolete,Cheese Pepperjack Slcd .75 Oz,127134,Cheese Pepperjack Slcd .75 Oz,0,CS,EA,512,0.1706,87.3472,49
0445,Active,Spread Hummus,351000O1,Spread Hummus 36 Lb,0,CS,OZ,576,0.1152,66.3552,93
0446,Active,Lbl CWrap Jamba Hummus 500/Rl,Wrap Jamba Hummus,Lbl C-Wrap Jamba Hummus,0,RL,EA,500,0.029,14.5,94
0447,Active,Lbl CWrap Jamba TrkyJck 500/Rl,Wrap Jamba Trky,Lbl C-Wrap Jamba Turkey Jack,0,RL,EA,500,0.029,14.5,94
0448,Active,Lbl CWrp Jamba ThaiChkn 500/Rl,Wrap Jamba Thai,Lbl C-Wrap Jamba Thai Chicken,0,RL,EA,500,0.029,14.5,94
0449,Active,Shrink Band Anchor Bowl,Shrink Band,Shrink Band Anchor Bowl,0,CS,EA,4000,0.0162,64.8,2
0450,Active,Sauce Orange 12-2 Lb,34516,Sauce Orange 12-2 Lb,0,CS,OZ,384,0.1028,39.4752,95
0451,Active,Rice Veg Fried 12-2 Lb,29904,Rice Veg Fried 12-2 Lb,0,CS,OZ,384,0.128,49.152,95
0452,Active,Rice Jasmine Brown 12-2 Lb,29908,Rice Jasmine Brown 12-2 Lb,0,CS,OZ,384,0.134,51.456,95
0453,Active,Tortilla Corn White 4.5 Inch,53017-10104,Tortilla Corn White 4.5 Inch,0,CS,EA,768,0.0273,20.9664,75
0454,Active,Film BOPP Fuji 13.5 In Web,13.5In Web 10M Ft/Rl,Film BOPP Fuji 13.5 In Web,0,FT,IN,12,0.0007,0.0084,61
0454,Active,Film BOPP Fuji 13.5 In Web,SCR-25 13.5 BOPP,13.5 9,No Control,9842,FT,IN,0.0007,0,60
0455,Active,Sauce Enchilada La Vic 6/#10,4274833,Sauce Enchilada La Vic 6/#10,0,CS,OZ,612,0.06,36.72,1
0456,Active,Chicken Bnls Wing Sesame Brd,25243,Chicken Bnls Wing Sesame Brd,0,CS,LB,30,2.98,89.4,6
0457,Active,Square White Blank 3 x 3,CRALAB 0457,Square White Blank 3 x 3,0,CS,EA,11700,0.0076,88.92,94
0457,Active,Square White Blank 3 x 3,B2069358100-003,Square White Blank 3 x 3,0,CS,EA,13500,0.0076,102.6,25
0458,Active,Lbl 3x3 Jamba Bistro Panini 1M,3x3 Jamba Bistro,Lbl 3x3 Jamba Bistro Panini,0,RL,EA,1000,0.025,25,94
0459,Active,Lbl 3x5 Jamba Bistro Nutrtn 1M,3x5 Bistro Nutrition,Lbl 3x5 Jamba Bistro Nutrition,0,RL,EA,1000,0.0225,22.5,94
0460,Active,Beef Patty Angus 4.0 OZ,320104,FC Seas Angus Bf Patty 4 Oz,0,CS,EA,160,0.9775,156.4,71
0461,Active,Lbl Cmbrlnd Burger Top,10010008204,Lbl Cmbrlnd Burger Top,0,RL,EA,2000,0.0264,52.8,96
0462,Active,Lbl Cmbrlnd Chs Burger Top,10010008205,Lbl Cmbrlnd Chs Burger Top,0,RL,EA,2000,0.0264,52.8,96
0463,Active,Lbl Cmbrlnd Bcn Chs Burger Top,10010008206,Lbl Cmbrlnd Bcn Chs Burger Top,0,RL,EA,2000,0.0264,52.8,96
0464,Active,Lbl Cmbrlnd Burger Bottom,10010008201,Lbl Cmbrlnd Burger Bottom,0,RL,EA,2000,0.0092,18.4,96
0465,Active,Lbl Cmbrlnd Chs Burger Bottom,10010008202,Lbl Cmbrlnd Chs Burger Bottom,0,RL,EA,2000,0.0092,18.4,96
0466,Active,Lbl Cmbrlnd BcnChs Burger Btm,10010008203,Lbl Cmbrlnd BcnChs Burger Btm,0,RL,EA,2000,0.0092,18.4,96
0467,Active,Ctn 2x2PK BECB PigWig,PigWig BECB 2x2PK,Ctn 2x2PK BECB PigWig,0,EA,EA,1,0.1109,0.1109,55
0468,Active,Ctn 2x2PK SECB PigWig,PigWig SECB 2x2PK,Ctn 2x2PK SECB PigWig,0,EA,EA,1,0.1109,0.1109,55
0469,Active,Ctn 2x2PK SECM PigWig,PigWig SECM 2x2PK,Ctn 2x2PK SECM PigWig,0,EA,EA,1,0.1109,0.1109,55
0470,Active,Muffin Eng Orig 3z 80T Unslicd,94024-3 Oz Unsliced,Muffin Eng Orig 3z 80T Unslicd,1,CS,EA,80,0.1984,15.872,58
0471,Active,Ctn 2x2PK SECC PigWig,PigWig SECC 2x2PK,Ctn 2x2PK SECC PigWig,0,EA,EA,1,0.1109,0.1109,55
0472,Active,Ctn 2x2PK HECM PigWig,PigWig HECM 2x2PK,Ctn 2x2PK HECM PigWig,0,EA,EA,1,0.1109,0.1109,55
0473,Active,Ctn Bowl BEPC PigWig,PigWig BEPC Bowl,Ctn Bowl BEPC PigWig,0,EA,EA,1,0.1396,0.1396,55
0474,Active,Ctn Bowl SEPC PigWig,PigWig SEPC Bowl,Ctn Bowl SEPC PigWig,0,EA,EA,1,0.1396,0.1396,55
0475,Active,Muffin Eng MG 3z 80T Unslicd,94022-3z Unsliced,Muffin Eng MG 3z 80T Unslcd,1,CS,EA,80,0.2109,16.872,58
0476,Active,Ctn Bowl HEPC PigWig,PigWig HEPC Bowl,Ctn Bowl HEPC PigWig,0,EA,EA,1,0.1396,0.1396,55
0477,Obsolete,Rectangle NW Mrkt Frsh Grn,50,Rectangle NW Mrkt Frsh Grn,1,CS,EA,16000,0.0189,302.4,20
0478,Active,Film SBUX 10in ChickSaus Wrap,SKCSW10,Film SBUX 10in ChickSaus Wrap,0,RL,IMP,12500,0.009,112.5,61
0479,Obsolete,Pepper Bell Yellow Rstd IQF,PEPPYELL14DIC25,Pepper Bell Yellow Rstd IQF,0,CS,OZ,400,0.1088,43.52,97
0480,Active,Roll Wht Rustic 180/Cs Unslicd,17017 Unsliced,Roll Wht Rustic 180/Cs Unslcd,1,CS,EA,180,0.1994,35.892,5
0481,Active,Ctn 4Pk SECB A P 87700,A P 4Pk SECB,Ctn 4Pk SECB A P 87700,0,EA,EA,1,0.1306,0.1306,55
0482,Active,Ctn 4Pk BECB A P 87701,A P 4Pk BECB,Ctn 4Pk BECB A P 87701,0,EA,EA,1,0.1306,0.1306,55
0483,Active,Ctn 4Pk SECC A P 87702,A P 4Pk SECC,Ctn 4Pk SECC A P 87702,0,EA,EA,1,0.1306,0.1306,55
0484,Active,Ctn 4Pk TSECM A P 87703,A P 4Pk TSECM,Ctn 4Pk TSECM A P 87703,0,EA,EA,1,0.139,0.139,55
0485,Active,Muffin Eng Whl Wheat 2 Oz,7780,Muffin Eng Whl Wheat 2 Oz,0,CS,EA,144,0.153,22.032,47
0486,Active,Sausage Turkey 1.4 Oz,18733,Sausage Turkey 1.4 Oz,0,CS,EA,114,0.243,27.702,12
0487,Active,Egg White Patty 3 Inch 1.3 Oz,86526,Egg White Patty 3 Inch 1.3 Oz,0,CS,EA,153,0.1159,17.7327,7
0488,Active,Cheese Mont Jack Loaf 6-5Lb,13284,Cheese Mont Jack Loaf 6-5Lb,0,CS,LB,30,2.2,66,9
0489,Active,Cheese Pepperjack Loaf 2-5 Lb,2513,Cheese Pepperjack Loaf 2-5 Lb,0,CS,LB,10,2.74,27.4,49
0490,Active,Ctn 4Pk SECB Weis 87800,WEIS 4Pk SECB,Ctn 4Pk SECB Weis 87800,0,EA,EA,1,0.1306,0.1306,55
0491,Active,Ctn 4Pk BECB Weis 87801,WEIS 4Pk BECB,Ctn 4Pk BECB Weis 87801,0,EA,EA,1,0.1306,0.1306,55
0492,Active,Ctn 4Pk SECC Weis 87802,WEIS 4Pk SECC,Ctn 4Pk SECC Weis 87802,0,EA,EA,1,0.1306,0.1306,55
0493,Active,Ctn 4Pk SECM Weis 87803,WEIS 4Pk SECM,Ctn 4Pk SECM Weis 87803,0,EA,EA,1,0.1306,0.1306,55
0494,Active,Carrot Strips Julienn No Sugar,432,Carrot Strips Julienn No Sugar,0,CS,OZ,528,0.0592,31.2576,91
0495,Active,Lbl Cmbrlnd Chicken Top,Cmbrlnd Chicken Top,Lbl Cmbrlnd Chicken Top,0,RL,EA,2000,0.0264,52.8,96
0496,Obsolete,Lbl Cmbrlnd Chicken Btm,Cmbrlnd Chicken Btm,Lbl Cmbrlnd Chicken Btm,0,RL,EA,2000,0.0092,18.4,96
0497,Active,Lbl Cmbrlnd Chick Chs Top,Cmbrlnd ChickChs Top,Lbl Cmbrlnd Chick Chs Top,0,RL,EA,2000,0.0264,52.8,96
0498,Obsolete,Lbl Cmbrlnd Chick Chs Btm,Cmbrlnd ChickChs Btm,Lbl Cmbrlnd Chick Chs Btm,0,RL,EA,2000,0.0092,18.4,96
0499,Active,Lbl Cmbrlnd ChickChsBac Top,Cmbrlnd CkChsBac Top,Lbl Cmbrlnd ChickChsBac Top,0,RL,EA,2000,0.0264,52.8,96
0500,Obsolete,Lbl Cmbrlnd ChickChsBac Btm,Cmbrlnd CkChsBac Btm,Lbl Cmbrlnd ChickChsBac Btm,0,RL,EA,2000,0.0092,18.4,96
0501,Active,Sauce Honey Grade A 4-12 Lb,427288,Honey BB Clover 60 Lb,0,CS,OZ,768,0.1384,106.2912,42
0502,Active,Ham BF Smoked Uncured Natural,59162,Ham BF Smoked Uncured Natural,0,LB,LB,1,3.4,3.4,82
0503,Active,Chicken Smoked Uncured Natural,59597,Chicken Smoked Uncured Natural,0,LB,LB,1,3.96,3.96,82
0504,Active,Cheese Havarti Loaf 1-9.5 Lb,TBD: Arla Stk 90101,Cheese Havarti Loaf 1-9.5 Lb,0,CS,LB,9.5,4.05,38.475,9
0505,Active,Baguette Wht 7.5in Sliced,5016 SK,SK Vietnamese Sub,0,CS,EA,80,0.217,17.36,28
0506,Active,Cheese Jarlsberg Loaf 2-12 Lb,48962,Cheese Jarlsberg Loaf 2-12 Lb,0,CS,LB,24,5.44,130.56,9
0507,Active,Film Fuji Baguette Ham,Film Baguette Ham,Film Fuji Baguette Ham,0,RL,IMP,5500,0.0914,502.7,98
0508,Active,Film Fuji Baguette Chicken,Film Baguette Chick,Film Fuji Baguette Chicken,0,RL,IMP,5500,0.0914,502.7,98
0509,Active,Film Fuji Baguette Cheese,Film Baguette Cheese,Film Fuji Baguette Cheese,0,RL,IMP,5500,0.0914,502.7,98
0510,Active,Film Fuji MiniWrap Thai Chick,Film MiniWrap Thai,Film Fuji MiniWrap Thai Chick,0,RL,IMP,8000,0.082,656,98
0511,Active,Film Fuji MiniWrap Turkey,Film MiniWrap Turkey,Film Fuji MiniWrap Turkey,0,RL,IMP,8000,0.082,656,98
0512,Active,Film Fuji MiniWrap Hummus,Film MiniWrap Hummus,Film Fuji MiniWrap Hummus,0,RL,IMP,8000,0.082,656,98
0513,Active,Uboard Jamba Juice Baguette,Uboard Baguette,Uboard Jamba Baguette,0,EA,EA,1,0.045,0.045,55
0514,Active,Uboard Jamba Juice MiniWrap,Uboard MiniWrap,Uboard Jamba MiniWrap,0,EA,EA,1,0.0471,0.0471,55
0515,Active,Film Fuji Bistro Brie/Apple,Film Bistro Brie,Film Fuji Bistro Brie/Apple,0,RL,IMP,8000,0.1426,1140.8,98
0516,Active,Sausage Ital Chick Crumble CAN,B20-CC3525,Ckd Ital Chick Pty Crumble CAN,0,CS,LB,30,2.67,80.1,66
0517,Active,Lbl Master C C Angus Chs 5x7,C C Angus Chs,Lbl Master C C Angus Chs 5x7,0,RL,EA,1000,0.2227,222.7,94
0518,Active,Lbl Master C C Angs BacChs 5x7,C C Angs BacChs,Lbl Master C C Angs BacChs 5x7,0,RL,EA,1000,0.2227,222.7,94
0519,Active,Lbl Master C C Chick Chs 5x7,C C Chicken Chs,Lbl Master C C Chick Chs 5x7,0,RL,EA,1000,0.2227,222.7,94
0520,Active,Lbl Master C C Hot Dog 5x7,C C Hot Dog,Lbl Master C C Hot Dog 5x7,0,RL,EA,1000,0.2227,222.7,94
0557,Active,Film Fuji PP DBL CheeseBurger,C100557 OP,Film Fuji P/P DBL CheeseBurger,100,LB,IN,1560,0.0038,5.928,20
0558,Obsolete,Film Fuji PP Sausage,C100558 OP,Film Fuji Pre-printed Sausage,100,LB,IN,1857,0.0032,5.9424,20
0559,Obsolete,Film Fuji PP Ham Egg Chs Muff,C100559 OP,Fuji P/P Ham Egg Chs Muffin,100,LB,IN,1857.601003,0.0032,5.94432321,20
0561,Active,Film Fuji PP Hickory Rib 15 in,C100561 OP,Fuji P/P Hickory Rib 15 in,100,LB,IN,2179.201177,0.0053,11.54976624,20
0577,Obsolete,Spread Mayo Pesto,40003,Spread Mayo Pesto,1,CS,OZ,400,0.244,97.6,99
0579,Obsolete,Cheese Cheddar Sharp Sliced,49020,Cheese Ched Sharp Slcd .5 Oz,0,CS,EA,384,0.0901,34.5984,9
0628,Active,Beef Hamburger Patty 2 oz,2 Oz Patty,Beef Hamburger Patty 2 oz,0,CS,EA,320,0.3373,107.936,71
0636,Active,Cheese Swiss Economy Loaf,15528,Cheese Swiss Econ Loaf 2-8.5Lb,0,CS,LB,17,3.4253,58.2301,9
0649,Obsolete,Box #4 Kraft Plain,1.01572E+11,,1200,EA,EA,1,0.613,0.613,17
0664,Active,Tape Sealing 48mmx100M 1.9mil,372016,3M hand tape,0,CS,RL,6,0,0,2
0720,Obsolete,Pepper Red Strip Roasted ,52374,3-5.75 lb,0,CS,OZ,276,0.1668,46.0368,19
0737,Obsolete,Label Tuna Salad 2x4,737,Rectangle triple tuna,0,CS,EA,1000,0.0106,10.6,20
0738,Obsolete,Lab- Rec Chicken Salad 2x4 in ,738,Lab Rec Chicken Salad 2x4,1,CS,EA,1000,0.0106,10.6,20
0739,Obsolete,Lab- rectangle Back 3x3 4762,739,Rectangle 0739,0,CS,EA,1000,0.0106,10.6,25
0753,Obsolete,Square Blank White Firenza 3x3,7,Square Blank White Firenza 3x3,0,EA,EA,1,0.0121,0.0121,20
0758,Obsolete,Sqr Cheeseburger Firenza 3x3,CHEBUR3X3,1-1000 EA,0,M,EA,1000,0.0115,11.5,20
0765,Obsolete,Sqr Hot Dog Firenza 3x3 in,HOTDOG3X3,1-1000 EA,0,M,EA,1000,0.0121,12.1,20
0796,Active,Box #5 RSC Corrugated Kraft,10411259,Box #5 RSC Corrugated Kraft,1,EA,EA,1,0.37,0.37,17
0819,Active,Stretch Film 18x2000 80ga,636852,18x2000 Hand Stretch Film,0,PAL,EA,4,0,0,2
0827,Active,Pepperoncini Sliced,52372,1-1 GAL,1,GAL,OZ,128,0.0549,7.0272,19
0856,Obsolete,Tape clear 2x1000 2 mil ,856,Tape clear 2x1000 2 mil ,0,CS,EA,72,0.0446,3.2112,17
0959,Active,Beard Cover Polypropylene,RAD 64055410,Beard Restraint 10-100 EA,0,CS,EA,1000,0,0,100
0961,Obsolete,Ham Bavarian Unsliced,00820AP,Ham Bavarian Unsliced,1,LB,LB,1,3.19,3.19,101
0961,Obsolete,Ham Bavarian Unsliced,00820AP,Ham Bavarian Unsliced,5000,LB,LB,1,3.19,3.19,102
1022,Active,Rectangle Direct Thrml Transfr,dt-300-20,Rectangle Direct Thrml Transfr,0,CS,EA,8000,0.0216,172.8,25
1082,Obsolete,U Pad Brat Firenza 4.75X6 IN,1.02935E+11,,27,K,EA,1000,0.0412,41.2,17
1094,Active,Sqr Oven Pride Logo 3x8 5/8in,P2069358100-041,1-1000 EA,0,CS,EA,10800,0.0305,329.4,25
1111,Obsolete,Chicken Breast Honey BBQ ,63502,Chicken Breast Honey BBQ ,100,LB,LB,1,3.41,3.41,103
1119,Obsolete,Spread Sun-Dried Tomato,000 74826 41803 500,Spread Sun-Dried Tomato,1,CS,OZ,400,0.2198,87.92,99
1120,Obsolete,Mayonnaise Mother Sauce,000 74826 39703 300,Mayonnaise Mother Sauce,10,CS,OZ,400,0.2084,83.36,99
1121,Obsolete,Spread Artichoke,000 74826 39903 700,Spread Artichoke,10,TB,OZ,400,0.2344,93.76,99
1206,Obsolete,Bacon Peppered Thick Slice,12417,Bacon Pepper Thick 2-150 Slice,720,CS,EA,300,0.1379,41.37,8
1218,Active,Box #3 RSC Corrugated 13x10x7,1.02627E+11,Box #3 RSC Corrugated 13x10x7,0,EA,EA,1,0.335,0.335,17
1219,Obsolete,Ribbon Wax Violet,JETBLENDVIOLET433,1-24 RL,0,RL,IN,14172,0.0026,36.8472,25
1220,Not Stocked,Ribbon Green Wax 4x1181,JETWAXGREEN425,Ribbon Green Wax 4x1181,680256,RL,IN,14172,0,0,25
1221,Obsolete,Ribbon Wax Red,JETWAXRED425,1-24 EA,0,RL,IN,14172,0,0,25
1222,Obsolete,Ribbon Wax Blue,JETWAXBLUE 425,1-24 RL,0,RL,IN,14172,0,0,25
1223,Obsolete,Ribbon Wax Orange,JETBLENDORANGE43,1-24 EA,0,RL,IN,14172,0,0,25
1315,Obsolete,Rectangle Blank Yellow Thml,P2069358100-012,1-1000 EA,10,RL,EA,1000,0,0,25
1347,Active,Small Vinyl Gloves,70330,sm vinyl pwdr free glove,0,CS,EA,1000,0,0,80
1348,Not Stocked,Medium Vinyl Gloves,70280,med vinyl pwdr free glove,0,CS,EA,1000,0,0,80
1349,Not Stocked,Large Vinyl Gloves,70230,lg vinyl pwdr free glove,0,CS,EA,1000,0,0,80
1357,Obsolete,Rectangle NW mkt fresh orange,OR3X4NWMRKT,1-1000 E,0,M,EA,1000,0.0157,15.7,20
1358,Obsolete,Rectangle NW mkt fresh red,RED3X4NWMRKT,1-1000 EA,0,M,EA,1000,0.0155,15.5,25
1359,Obsolete,Lab- Sqr blank ground 3X4 ,1359,Lab Square  3x4,1000,CS,EA,1000,0.0122,12.2,20
1360,Obsolete,Rectangle NW mkt fresh green,3X4GRNBLKNWMRKT,1-1000 EA,0,M,EA,1000,0.0155,15.5,20
1361,Active,Cap Bouffant White Proly.24in,BC 24,wht bouffant cap 24No Control,CS,CS,1,,0.035,0,104
1385,Active,Sqr Back For FG-3737 3x 3in,P2069358100-017,Sqr Back For FG-3737 3x 3in,0,EA,EA,1,0.0117,0.0117,25
1387,Active,Sqr Back For FG-4766 3x3 in,P2069358100-028,Sqr Back For FG-4766 3x3 in,0,EA,EA,1,0.0139,0.0139,25
1390,Active,Lab- Sqr Back for 164765,P2069358100-026,Lab- Sqr Back for 164765,0,EA,EA,1,0.0139,0.0139,25
1393,Active,Sqr Back For FG-4730 3x3 in,P2069358100-019,Sqr Back For FG-4730 3x3 in,0,EA,EA,1,0.013,0.013,25
1396,Active,Sqr Back for FG-4761 3 x 3 in,P2069357100-020,Sqr Back for FG-4761 3 x 3 in,0,EA,EA,1,0.0139,0.0139,25
1401,Active,Sqr Back For FG-4741 3x 3in,P2069358100-016,Sqr Back For FG-4741 3x 3in,0,EA,EA,1,0.0117,0.0117,25
1409,Obsolete,Lab- Sqr PLN Bagel  Crm 3X3 ,1409,Lab Square Plain Bagel  CC 3x3,1000,CS,EA,1000,0.0115,11.5,20
1422,Obsolete,Towel Paper Multifold MB560A,14100550,16-150 EA,0,CS,CS,1,0,0,105
1426,Active,Cheese Cheddar White Mild Loaf,8821,Cheese Cheddar White Mild Loaf,0,CS,LB,40,2.505,100.2,9
1427,Active,Cheese American Processed .43z,493,Cheese American Processed .43z,1,CS,EA,736,0.0595,43.792,9
1443,Active,Chicken Salad w/ Dressing,47630,1-30 Lb,15,CS,OZ,480,0.1404,67.392,106
1444,Active,Egg Salad With Dressing,45430,1-30 Lb,15,CS,OZ,480,0.1334,64.032,106
1445,Active,Tuna Salad With Dressing,45830,1-30 Lb,15,CS,OZ,480,0.1359,65.232,106
1446,Active,Cheese Provolone Sliced .5 Oz,25804,Cheese Provolone Sliced .5 Oz,1,CS,EA,384,0.1002,38.4768,9
1447,Not Stocked,Swiss Sliced,1477,Sliced Swiss .5 OZ,0,CS,EA,1000,0.0997,99.7,9
1462,Active,X Large Vinyl Gloves,70310,xlg vinyl pwdr free glove,0,CS,EA,1000,0,0,80
1463,Obsolete,Tomatoes Roasted -Oil Cantare ,22874,Tomatoes Roasted - Oil Cantare,10,TB,OZ,448,0.4741,212.3968,19
1463,Obsolete,Tomatoes Roasted -Oil Cantare ,8928,Tomatoes Roasted - Oil Cantare,0,TB,OZ,448,0.4741,212.3968,107
1467,Obsolete,Cheese Havarti Sliced Dofino,48633,8-24 oz,1,CS,EA,192,0.2403,46.1376,9
1476,Obsolete,Sausage Patty Pork 1.5 oz,29660,1-102 ea,1,CS,EA,102,0.1873,19.1046,78
1480,Obsolete,Garlic Roasted Concentrate,302264,,0,CS,OZ,96,0.4106,39.4176,108
1481,Obsolete,Roll French Braided Sliced,1071SAN,9-8 EA,45,CS,EA,72,0.23,16.56,65
1482,Obsolete,Ciabatta Pillow Loaf,1072,Ciabatta Pillow Loaf,45,CS,EA,64,0.242,15.488,65
1483,Obsolete,Cheese Cheddar Buffalo,79422,Cheese Cheddar Buffalo 2-5 LB,10,LB,LB,1,4.1088,4.1088,103
1484,Obsolete,Ham Capicola Spicy Unsliced,58203,Ham Capicola Spicy Unsliced,1,LB,LB,1,2.51,2.51,103
1489,Obsolete,Cheese Mozzarella Sliced .5 Oz,5307,Chs Mozz Sliced .5 Oz 10-1 Lb,1,CS,EA,320,0.1017,32.544,9
1490,Active,Mayonnaise X-Heavy Deluxe,4002390,Mayonnaise 1-30 Lb Sysco Imp,0,CS,OZ,480,0.1032,49.536,1
1491,Obsolete,Turkey Applewood Smoked,824202,2-10.45 lb,1809,LB,LB,1,2.2992,2.2992,21
1492,Obsolete,Spread Dijonnaise,36803,Spread Dijonnaise,1,CS,OZ,400,0.2063,82.52,99
1493,Obsolete,Spread Tomato Kalamata,000 74826 37003 500,Spread Tomato Kalamata,10,CS,OZ,400,0.2281,91.24,99
1494,Obsolete,Spread Buffalo Blue,000 74826 36903 000,Spread Buffalo Blue,10,CS,OZ,400,0.2343,93.72,99
1495,Obsolete,Focaccia Sundried Tomato,1073,Focaccia Sundried Tomato 4x4,45,CS,EA,80,0.28,22.4,65
1499,Active,Hot Dog Hebrew National 5-1,34463,Hot Dog Hebrew National 5-1,90,CS,EA,100,0.598,59.8,109
1503,Obsolete,Cheese Parmesan Shredded,00383 (New #05902),4-5 LB,1,CS,LB,20,3.3392,66.784,9
1504,Obsolete,Salami Soppressata Carando,560400,16-5 OZ,60,CS,EA,320,0.1058,33.856,57
1506,Active,Spoon Polystyrene White 3 IN,10110844,Spoon Polystyreen White 3in,5,CS,EA,3000,0.0088,26.4,17
1512,Active,Pallet Slip Sheets,869603,40x48 Slip Sheet,0,PAL,EA,2000,0,0,2
1531,Obsolete,Spread Herb Cheese,FSTS008,Spread Herb Cheese,36,TB,OZ,640,0.1794,114.816,73
1601,Obsolete,Kaiser Vegan 4 In 16-6 Ea,133SK,Kaiser Vegan 4 In 16-6 ea,1,CS,EA,96,0.3457,33.1872,110
1606,Obsolete,Cheese White Red Fat Loaf,17305,Cheese White Red Fat Loaf,20,CS,LB,10,1.842,18.42,9
1607,Obsolete,Sqr Vegan Gar-burger 3x3 in,VEGAN,1-1000  EA,0,M,EA,1000,0.0115,11.5,20
1608,Obsolete,Rectangle Blank Pink Thrml,P2069358100-010,1-3000 EA,10,RL,EA,3000,0.0289,86.7,25
1609,Obsolete,Bar Code Pink 4x1.875 in,H2069358100-002,1-3000 EA,10,RL,EA,3000,0,0,25
1624,Active,Film Polypro Fuji 15 in Web,RKHS010015000550,Film Polypro Fuji 15 in Web,39,RL,IN,60840,0.0009,54.756,14
1634,Active,Ribbon Black VideoJet,15-S110KQ5,Ribbon Black VideoJet,0,RL,IN,23622,0.0009,21.2598,111
1635,Active,Ribbon Blue VideoJet,15-S110LQ5,Ribbon Blue VideoJet,0,RL,IN,17716,0.0021,37.2036,111
1636,Active,Ribbon Red VideoJet,15-S110RQ5,Ribbon Blue VideoJet,5,RL,IN,17716,0.0021,37.2036,111
1637,Active,Ribbon Orange VideoJet,15-S110OQ5,Ribbon Orange VideoJet,5,RL,IN,17716,0.002,35.432,111
1638,Active,Ribbon Green VideoJet,15-S110GQ5,Ribbon Green VideoJet,5,RL,IN,17716,0.0021,37.2036,111
1640,Obsolete,Box #6 RSC Corrugated Kraft,10390815,Box #6 RSC Corrugated Kraft,1,EA,EA,1,0.395,0.395,17
1643,Active,Gas Nitrogen Liquid Bulk,9630,,0,EA,EA,1,0,0,112
1645,Obsolete,Box #7 RSC Corrugated Kraft,1.0409E+11,Box #7 RSC Corrugated Kraft,10000,EA,EA,1,0.4416,0.4416,17
1649,Active,Can Liner 43x38 blk,80295,liner 43x48 1.7ml black,0,CS,EA,100,0,0,80
1654,Active,Can Liner 38x58 1.3 ml blk,80205,liner 38x58 1.3 ml blk 100ct,0,CS,EA,100,0,0,80
1656,Obsolete,Film Polypro Fuji 14 In Web,RKHS010014000950,,39,RL,IN,60840,0.011,669.24,14
1670,Active,Rect Wht Blank Direct Thermal,CRALAB 1670,4x12 Direct Thermal Label 500,0,CS,EA,2000,0.0395,79,94
1670,Active,Rect Wht Blank Direct Thermal,4x12 DT blank labels,1-500 RL,0,CS,EA,2000,0.0395,79,25
1671,Obsolete,Peppers Peppadew Piquante,52440,3-70 OZ,1,CS,OZ,210,0.2197,46.137,19
1684,Obsolete,Muffin English Plain 2.15 oz,60911,24-6 EA,40,CS,EA,144,0.0962,13.8528,51
1685,Active,Roll Pioneer 6 in 12-6 Ea,62459,12-6 EA,40,CS,EA,72,0.2676,19.2672,51
1686,Active,Roll Sub Hinged 11in 6-6 ea,62458,Roll Sub Hinged 11in 6-6 ea,1,CS,EA,36,0.4308,15.5088,51
1687,Active,Kaiser Corn Dusted 4.5 in ,60922,6-12 EA,40,CS,EA,72,0.1467,10.5624,51
1688,Active,Kaiser Plain 4 in 12-6 Ea,62460,12-6 EA,40,CS,EA,72,0.3288,23.6736,51
1690,Active,Bun Hamburger Sesame 4 IN ,61014,6-12 Ea,1,CS,EA,72,0.1844,13.2768,51
1692,Obsolete,Loaf Pullman Rye Swirl 5/8,62455,12-19 sl,40,CS,EA,228,0.0925,21.09,51
1693,Active,Loaf Pullman Wheat 5/8in Slced,62456,Loaf Pullman Wheat 5/8in Slced,40,CS,EA,228,0.0623,14.2044,51
1694,Obsolete,Loaf Pullman Wheat 3/4 sliced,60967,12-16 SL,40,CS,EA,192,0.0618,11.8656,51
1695,Active,Loaf Pullman White 5/8 in SL,62457,12-19 SL,40,CS,EA,228,0.0559,12.7452,51
1696,Active,Loaf Pullman White 3/4 In,60966,12-16 SL,40,CS,EA,192,0.074,14.208,51
1699,Active,Bun Hamburger Sesame,62243,6-12 ea,40,CS,EA,72,0.211,15.192,51
1700,Obsolete,Bun Onion,60954,12-6 EA,40,CS,EA,72,0.21,15.12,51
1701,Active,Bun Sourdough Dip Pill,61854,12-6 EA,40,CS,EA,72,0.191,13.752,51
1702,Active,Stretch Film 20x5000 80ga,1049838,20x750 Machine Stretch Film,0,PAL,EA,40,0,0,2
1703,Active,Bun Steak Sliced 6 in ,60928,12-6 EA,40,CS,EA,72,0.45,32.4,51
1707,Active,U Pad Firenza 4X7 IN,1.05009E+11,U Pad Firenza 4X7 IN,1,EA,EA,1,0.0332,0.0332,17
1710,Obsolete,Tomatoes Roasted Diced ,16818,Tomatoes Roasted Diced ,72,CS,OZ,400,0.382,152.8,22
1711,Active,Spinach Blnch Chpped IQF ,193,Spinach Blanched Chopped IQF,0,CS,OZ,640,0.0708,45.312,86
1713,Active,Spread Cream Chz Tomato Sun,38242,Spread Cream Chz Tomato Sun,1,CS,OZ,480,0.1049,50.352,9
1714,Active,Cheese Feta Crumbled,48806,4-5 LB,1,CS,LB,20,2.9305,58.61,9
1722,Obsolete,Egg Insert Scrambled IQF,30155,1-265 EA,256,CS,EA,265,0.1632,43.248,52
1725,Obsolete,Turkey Pastrami Unsliced,6829,Turkey Pastrami Unsliced ,12,LB,LB,1,2.0896,2.0896,113
1729,Obsolete,Egg Patty Scrambled 1.75 oz,85855,Egg Patty Scrambled 1.75 OZ,108,CS,EA,136,0.1218,16.5648,7
1730,Obsolete,Egg Puffy Chol Free 1.75 oz ,85854,Egg Puffy Chol Free 144-1.75z,108,CS,EA,144,0.1591,22.9104,7
1736,Active,Box #2 Kraft Remote,1.03076E+11,Box #2 RSC Corrugated Remote,1,EA,EA,1,0.3215,0.3215,17
1737,Obsolete,Beef Corned Eye of Round,344974,,24,LB,LB,1,3.6304,3.6304,108
1739,Obsolete,Film Polypro Fuji 10 In Web,RKHS010010000500,Film Polypro Fuji 10 In Web,52,RL,IN,60840,0.0007,42.588,14
1740,Active,Salami Cotto Unsliced Farmland,30966,Salami Cotto Unsliced Farmland,10,LB,LB,1,1.93,1.93,114
1740,Active,Salami Cotto Unsliced Farmland,821092,Salami Cotto Unsliced Farmland,10,LB,LB,1,1.93,1.93,113
1742,Obsolete,Dip Spinach and Artichoke,92462,Dip Spinach and Artichoke,0,CS,OZ,216,0.2315,50.004,114
1742,Obsolete,Dip Spinach and Artichoke,7370117,Dip Spinach   Artichoke 36-6Z,1,CS,OZ,216,0.2315,50.004,108
1743,Active,Pkt Cream Cheese Spread,8780,Pkt Cream Cheese Spread,0,CS,EA,100,0.21,21,114
1743,Active,Pkt Cream Cheese Spread,70961,,50,CS,EA,100,0.21,21,108
1747,Active,Chicken Breast Fillet,40284,Chicken Breast Fillet,0,CS,EA,100,0.72,72,114
1747,Active,Chicken Breast Fillet,462910,,10,CS,EA,100,0.72,72,108
1748,Obsolete,Mayonnaise Chipotle Monarch,255971,,10,CS,OZ,256,0.1072,27.4432,108
1749,Active,Bacon Round Fully Cooked,10954,Bacon Round Fully Cooked,0,CS,EA,144,0.2944,42.3936,46
1749,Active,Bacon Round Fully Cooked,1402957,Hormel Bacon Round fully ckd,0,CS,EA,144,0.2944,42.3936,1
1750,Obsolete,Muffin English Original 80T,5,Muffin English Original 80Tray,60,CS,EA,80,2,160,115
1750,Obsolete,Muffin English Original 80T,379516,,1,CS,EA,10,2,20,108
1751,Obsolete,Peppers and Onions,673349,,1,CS,OZ,240,0.1996,47.904,108
1752,Obsolete,Muffin English Original 80T,94024,Muffin English Original 80Tray,60,CS,EA,80,0.1965,15.72,58
1753,Active,Mustard Yellow Prepared,4006797,Mustard Prepared Salad 4-1gl,0,CS,OZ,512,0.0257,13.1584,1
1755,Active,Sleeve 18 Polyethyene,RAD64055334,1-1000 EA 18 poly sleeve,0,CS,EA,1000,0,0,100
1756,Active,Dust Mask Ear Loop,CD 139-20,Dust Mask Ear Loop,0,CS,EA,1000,0,0,100
1757,Obsolete,Muffin English Multigrain 80T,94022,Muffin English Multigrain 80T,1,CS,EA,80,0.2228,17.824,58
1760,Active,Salami Dry Sliced Galileo,345498,Salami Dry Sliced Galileo,1,CS,LB,16,4.375,70,108
1760,Active,Salami Dry Sliced Galileo,30708,Salami Dry Sliced Galileo,0,CS,LB,16,4.375,70,114
1764,Obsolete,Basil Dry Jar,203845,,1,JAR,OZ,5.5,0.8455,4.65025,108
1765,Active,Oil Canola,9457,Canola Oil Stratus 35 Lb,0,CS,OZ,560,0.0554,31.024,114
1769,Obsolete,Spinach Stemless Cello FrshCut,202221,4-2.5 lb,10,CS,OZ,160,0.1369,21.904,108
1770,Active,Cheese Swiss Processed .5 Oz,2258,Cheese Swiss Processed .5 Oz,1,CS,EA,640,0.0681,43.584,9
1771,Obsolete,Bacon Turkey Half Slice,870906,Bacon Turkey Half Slice,306,LB,LB,1,10.44,10.44,21
1772,Active,Bologna Unsliced Farmland,65835,Bologna Farmland 821070,10,LB,LB,1,1.56,1.56,113
1772,Active,Bologna Unsliced Farmland,821070,Bologna Unslicd Farmland 82107,0,LB,LB,1,1.56,1.56,114
1774,Obsolete,Onion Yellow Sliced,47029,Onion Yellow Sliced,1,CS,OZ,320,0.0789,25.248,108
1775,Active,Apron Polethylene 24x 42 1ML,RAD64056547,Apron Polyethylene 24 x 42 ,0,CS,EA,1,0,0,100
1776,Obsolete,Beef Roast Cooked Medium,345012,,20,LB,LB,1,3.29,3.29,108
1777,Obsolete,Salt Garlic,208042,,1,CS,OZ,176,0.123,21.648,108
1779,Active,Recorder Temperature Pallet,TRIX 8,1-1 EA,0,CS,EA,1,0,0,116
1780,Active,Film Tiro Chix Sal Inderbitzin,154002-CS NWMF,Film Tiro Chix Salad Mrkt Frsh,1,RL,EA,15600,0.0452,705.12,20
1781,Active,Film Tiro Egg Salad 16.34in,154002-ES Mrkt Frsh,Film Tiro Egg Salad Mrkt Frsh,1,RL,EA,15600,0.0452,705.12,20
1782,Active,Film Tiro Ham Turkey Swiss ,154002-HTS Mrkt Frsh,Film Tiro Ham Turkey Sws NWMF,1,RL,EA,15600,0.0452,705.12,20
1783,Active,Film Tiro Tuna Salad 16.34 in,154002-TS Mrkt Frsh,Film Tiro Tuna Salad NWMF,1,RL,EA,15600,0.0452,705.12,20
1784,Active,Film Tiro Ham   Cheese 16.34in,154002-HC Mrkt Frsh,Film Tiro Ham Chs Mrkt Fresh,1,RL,EA,15600,0.0452,705.12,20
1786,Active,Film Tiro Turkey   Cheese,154002-TC Mrkt Frsh,Film Tiro Turk Chs Mrkt Fresh,1,RL,EA,15600,0.0452,705.12,20
1790,Active,Spread Cream Cheese Salsa,7578,Spread Cream Cheese Salsa,1,CS,OZ,480,0.1159,55.632,9
1792,Obsolete,Rectangle SKFG Logo 3.625 x3,P2069358100-034,1-100 EA,10,RL,EA,1000,0.0193,19.3,25
1795,Obsolete,Cheese Cheddar Medium .75 Oz,3787,Cheddar .75 Oz Sliced 12-1 lb,108,CS,EA,264,0.1003,26.4792,9
1796,Active,Bagel Plain NY Style,PLAINBGL-60C,,144,CS,EA,60,0.4228,25.368,117
1797,Active,Pkt Mustard Yellow Heinz .2 OZ,33558,Pkt Mustard Yellow Heinz .2 OZ,0,CS,EA,500,0.0243,12.15,114
1797,Active,Pkt Mustard Yellow Heinz .2 OZ,342429,Pkt Mustard Yellow Heinz .2oz,0,CS,EA,500,0.0243,12.15,42
1798,Active,Roll Hoagie Sesame Seeded 6in,60900,12-6 EA,40,CS,EA,72,0.1913,13.7736,51
1799,Obsolete,Loaf Pullman Sourdough 7/16 in,60983,12-24 SL,40,CS,EA,228,0.0585,13.338,51
1800,Active,Pad Soaker UZ-25 3-1/8x6,1.03044E+11,Pad Soaker UZ-25 3-1/8x6,0,CS,EA,4000,0.0092,36.8,17
1802,Obsolete,Circle Flourescent Red 1in,TBD,1-1000 EA,0,M,EA,1000,0.0524,52.4,25
1803,Obsolete,Turkey Breast 50306 2-9lb,95753,Turkey Breast 50306 2-9lb,18,LB,LB,1,2.3888,2.3888,113
1804,Obsolete,Cheese Pepper Jack .75 OZ,29381,Cheese Pepper Jack .75 OZ,13,CS,EA,192,0.1505,28.896,9
1805,Obsolete,Pepper Red Yellow Strips Roast,52502,Pepper Red Yellow Strips Roast,1,CS,OZ,276,0.1957,54.0132,19
1806,Active,Turkey Breast Log 8370 3.9in,8370,1-1000 LB,1000,LB,LB,1,2.17,2.17,21
1807,Obsolete,Roll Totem 3x12 In 6-6 Ea,62499,6-6 EA,40,CS,EA,36,0.6317,22.7412,51
1808,Obsolete,Chutney Mango,203055,,10,CS,OZ,384,0.1635,62.784,108
1809,Obsolete,Pesto Basil Cibo 5 Gal,28612,1-38 LBS,1,CS,OZ,608,0.2063,125.4304,19
1810,Active,Film Tiro KS NWMF Ham   Cheese,154002 KS-HC MF,Film Tiro KS Ham   Cheese NWMF,1,RL,EA,10766,0.068,732.088,20
1811,Active,Film Tiro KS NWMF Turkey   Chs,154002 KS-TC MF,Film Tiro KS NWMF Turkey   Chs,1,RL,EA,10766,0.068,732.088,20
1813,Obsolete,Focaccia Tomato Small,230450,Focaccia Tomato Small,1,CS,EA,80,0.3013,24.104,65
1814,Obsolete,French Braided Small,230445,French Braided Small,45,CS,EA,72,0.284,20.448,65
1815,Obsolete,Cheese Jack Pepper Loaf 2-5 LB,21492,2-5 LB,5,CS,LB,10,0.135,1.35,9
1816,Active,Corner Post 2X2X38,1097935,.120 wht Angle Board 2x2x36,0,PAL,EA,2940,0,0,2
1816,Active,Corner Post 2X2X38,10295026,.120 White Angle Board 2x2x36,1,PAL,EA,2940,0,0,17
1818,Obsolete,Olive Spread Kalamata 2-5.5lb,52363,Olive Spread Kalamata 2-5.5lb,1,CS,OZ,176,0.2474,43.5424,19
1819,Active,Vegan Patty Veggieburger48-4oz,18,48-4oz Vegan Patty Veggieburge,10,CS,EA,48,1.0298,49.4304,118
1821,Obsolete,Flat Whole Wheat Lavash 7x9,54279-0612R,6-12 EA,120,CS,EA,72,0.1919,13.8168,39
1822,Active,U Pad 6 In Totem Firenza,1.05009E+11,Pac-U-Pad 6 In Totem Firenza,1,K,EA,1000,0.037,37,17
1823,Obsolete,Turkey Applewood Natural,847302,Turkey Applewood Natural,1336.5,LB,LB,1,3.51,3.51,21
1824,Active,Roll Totem 3x6 In 12-6 Ea,62555,Roll Totem 3x6 12-6 Ea,40,CS,EA,72,0.3767,27.1224,51
1880,Not Stocked,USB Docking Ball Temp Rec.,LT-USB,1-1 EA,0,EA,EA,1,0,0,116
,Active,20oz Brick Frozen 40 crate/plt,51379F,20oz Brick Frozen 40 crate/plt,1,CAR,CAR,1,0,0,119
,Obsolete,Liner Can Black 55G,10300431,Liner Can Black 55G,5,CS,CS,1,0,0,17
,Active,Facilities Expense,forpac,,0,EA,EA,1,0,0,120
,Active,Facilities Expense,,,0,EA,EA,1,0,0,121
,Active,Facilities Expense,,,0,EA,EA,1,0,0,122
,Active,Facilities Expense,,,0,EA,EA,1,0,0,123
,Active,Facilities Expense,,,0,EA,EA,1,0,0,124
,Active,20oz Foam Polar Pack 45 cs/plt,FPP20SPF,20oz Foam Polar Pack 45 cs/plt,1,CS,CS,1,0,0,119
MISC,Not Stocked,Miscellaneous Credit,,,0,M,EA,1000,0,0,25
,Active,Office Supplies,,,0,EA,EA,1,0,0,125
,Active,Production Expense,,,0,EA,EA,1,0,0,111
,Active,Production Expense,,,0,EA,EA,1,0,0,126
,Active,Production Expense,,,0,EA,EA,1,0,0,80
,Active,Production Expense,,,0,EA,EA,1,0,0,100
,Active,Production Expense,,,0,EA,EA,1,0,0,127
,Active,Production Expense,,,0,EA,EA,1,0,0,2
,Active,Production Expense,,,0,EA,EA,1,0,0,4
,Active,SanitationExpense,,,0,EA,EA,1,0,0,128
,Active,SanitationExpense,,,0,EA,EA,1,0,0,129
,Active,SanitationExpense,,,0,EA,EA,1,0,0,105
